experiment,feature_set,split,feature,feature_type,mean_abs_shap
geo_decorr__random,geo_decorr,random,void_fraction,geo,0.23963616040694552
geo_decorr__random,geo_decorr,random,density_g_cm3,geo,0.18016897548457836
geo_decorr__random,geo_decorr,random,pld,geo,0.16259386706368298
geo_decorr__random,geo_decorr,random,surface_area_m2g,geo,0.14934690794400068
geo_decorr__random,geo_decorr,random,surface_area_m2cm3,geo,0.10553289395003149
geo_decorr__metal,geo_decorr,metal,void_fraction,geo,0.24493732267030283
geo_decorr__metal,geo_decorr,metal,density_g_cm3,geo,0.194220132070705
geo_decorr__metal,geo_decorr,metal,surface_area_m2g,geo,0.15328964367053882
geo_decorr__metal,geo_decorr,metal,pld,geo,0.14042138827171868
geo_decorr__metal,geo_decorr,metal,surface_area_m2cm3,geo,0.09601359856435364
geo_decorr__topology,geo_decorr,topology,void_fraction,geo,0.30099463773480983
geo_decorr__topology,geo_decorr,topology,density_g_cm3,geo,0.2585708431679153
geo_decorr__topology,geo_decorr,topology,surface_area_m2g,geo,0.20247748482237463
geo_decorr__topology,geo_decorr,topology,surface_area_m2cm3,geo,0.10408936255349271
geo_decorr__topology,geo_decorr,topology,pld,geo,0.10238930264028902
geo_all__random,geo_all,random,void_fraction,geo,0.24583397690020756
geo_all__random,geo_all,random,density_g_cm3,geo,0.19771023830704035
geo_all__random,geo_all,random,surface_area_m2g,geo,0.12047572089000189
geo_all__random,geo_all,random,pld,geo,0.11041717705601564
geo_all__random,geo_all,random,surface_area_m2cm3,geo,0.10948558661032433
geo_all__random,geo_all,random,lcd,geo,0.07447356097253802
geo_all__metal,geo_all,metal,void_fraction,geo,0.2436167019291577
geo_all__metal,geo_all,metal,density_g_cm3,geo,0.1830399929935872
geo_all__metal,geo_all,metal,surface_area_m2g,geo,0.13513071948203695
geo_all__metal,geo_all,metal,pld,geo,0.09765290028691173
geo_all__metal,geo_all,metal,lcd,geo,0.08826167234443938
geo_all__metal,geo_all,metal,surface_area_m2cm3,geo,0.08694370345639223
geo_all__topology,geo_all,topology,void_fraction,geo,0.29129324113504873
geo_all__topology,geo_all,topology,density_g_cm3,geo,0.2386753137874498
geo_all__topology,geo_all,topology,surface_area_m2g,geo,0.18289425280090507
geo_all__topology,geo_all,topology,surface_area_m2cm3,geo,0.0978885164512596
geo_all__topology,geo_all,topology,lcd,geo,0.08377230046492229
geo_all__topology,geo_all,topology,pld,geo,0.065897712203672
rac_decorr__random,rac_decorr,random,racs_bb-nodes_prop-T_scope-3_propagg-product_corragg-avg_bbagg-avg,rac,0.07489165048627865
rac_decorr__random,rac_decorr,random,racs_bb-nodes_prop-T_scope-3_propagg-product_corragg-avg_bbagg-sum,rac,0.03645280843638748
rac_decorr__random,rac_decorr,random,racs_bb-nodes_prop-T_scope-3_propagg-diff_corragg-avg_bbagg-avg,rac,0.027349240018473872
rac_decorr__random,rac_decorr,random,racs_bb-nodes_prop-T_scope-2_propagg-product_corragg-avg_bbagg-avg,rac,0.02704161586872409
rac_decorr__random,rac_decorr,random,racs_bb-nodes_prop-X_scope-3_propagg-diff_corragg-sum_bbagg-avg,rac,0.01183952142866094
rac_decorr__random,rac_decorr,random,racs_bb-nodes_prop-mod_pettifor_scope-3_propagg-product_corragg-sum_bbagg-avg,rac,0.011763119059107055
rac_decorr__random,rac_decorr,random,racs_bb-nodes_prop-T_scope-2_propagg-product_corragg-sum_bbagg-avg,rac,0.010726291022201817
rac_decorr__random,rac_decorr,random,racs_bb-nodes_prop-mod_pettifor_scope-3_propagg-diff_corragg-sum_bbagg-avg,rac,0.010698815692849084
rac_decorr__random,rac_decorr,random,racs_bb-nodes_prop-I_scope-3_propagg-product_corragg-sum_bbagg-avg,rac,0.00989542555968171
rac_decorr__random,rac_decorr,random,racs_bb-nodes_prop-T_scope-1_propagg-diff_corragg-avg_bbagg-avg,rac,0.007657002995979773
rac_decorr__random,rac_decorr,random,racs_bb-nodes_prop-T_scope-2_propagg-product_corragg-sum_bbagg-sum,rac,0.007454776684683973
rac_decorr__random,rac_decorr,random,racs_bb-nodes_prop-X_scope-3_propagg-product_corragg-avg_bbagg-avg,rac,0.0073391453875689934
rac_decorr__random,rac_decorr,random,racs_bb-nodes_prop-X_scope-3_propagg-product_corragg-sum_bbagg-avg,rac,0.006536686410291793
rac_decorr__random,rac_decorr,random,racs_bb-nodes_prop-T_scope-2_propagg-diff_corragg-avg_bbagg-avg,rac,0.006136630475146231
rac_decorr__random,rac_decorr,random,racs_bb-nodes_prop-T_scope-2_propagg-diff_corragg-sum_bbagg-avg,rac,0.005871193067220326
rac_decorr__random,rac_decorr,random,racs_bb-nodes_prop-T_scope-2_propagg-diff_corragg-sum_bbagg-sum,rac,0.004649906800623816
rac_decorr__random,rac_decorr,random,racs_bb-nodes_prop-X_scope-2_propagg-product_corragg-avg_bbagg-sum,rac,0.004624323403700827
rac_decorr__random,rac_decorr,random,racs_bb-nodes_prop-mod_pettifor_scope-2_propagg-product_corragg-sum_bbagg-sum,rac,0.004462361798949237
rac_decorr__random,rac_decorr,random,racs_bb-nodes_prop-T_scope-2_propagg-diff_corragg-avg_bbagg-sum,rac,0.004017149585584109
rac_decorr__random,rac_decorr,random,racs_bb-nodes_prop-X_scope-2_propagg-diff_corragg-sum_bbagg-sum,rac,0.0037963266852867783
rac_decorr__random,rac_decorr,random,racs_bb-nodes_prop-T_scope-1_propagg-product_corragg-avg_bbagg-avg,rac,0.003667345148150777
rac_decorr__random,rac_decorr,random,racs_bb-nodes_prop-X_scope-2_propagg-diff_corragg-sum_bbagg-avg,rac,0.0036489618999314315
rac_decorr__random,rac_decorr,random,racs_bb-nodes_prop-X_scope-1_propagg-diff_corragg-avg_bbagg-avg,rac,0.0035701374367950057
rac_decorr__random,rac_decorr,random,racs_bb-nodes_prop-X_scope-2_propagg-product_corragg-sum_bbagg-avg,rac,0.003182219113771427
rac_decorr__random,rac_decorr,random,racs_bb-nodes_prop-mod_pettifor_scope-1_propagg-product_corragg-avg_bbagg-sum,rac,0.002880967259009787
rac_decorr__random,rac_decorr,random,racs_bb-nodes_prop-mod_pettifor_scope-2_propagg-product_corragg-sum_bbagg-avg,rac,0.0028791510020210707
rac_decorr__random,rac_decorr,random,racs_bb-nodes_prop-X_scope-2_propagg-diff_corragg-avg_bbagg-sum,rac,0.002810682024918465
rac_decorr__random,rac_decorr,random,racs_bb-nodes_prop-X_scope-2_propagg-product_corragg-avg_bbagg-avg,rac,0.002421396902482892
rac_decorr__random,rac_decorr,random,racs_bb-nodes_prop-X_scope-2_propagg-diff_corragg-avg_bbagg-avg,rac,0.0023136798687819374
rac_decorr__random,rac_decorr,random,racs_bb-nodes_prop-mod_pettifor_scope-2_propagg-product_corragg-avg_bbagg-avg,rac,0.0021460321113590834
rac_decorr__random,rac_decorr,random,racs_bb-nodes_prop-mod_pettifor_scope-2_propagg-diff_corragg-sum_bbagg-avg,rac,0.0020223179525780638
rac_decorr__random,rac_decorr,random,racs_bb-nodes_prop-mod_pettifor_scope-1_propagg-diff_corragg-avg_bbagg-avg,rac,0.002008723349030422
rac_decorr__random,rac_decorr,random,racs_bb-nodes_prop-I_scope-2_propagg-product_corragg-sum_bbagg-avg,rac,0.001929816921724327
rac_decorr__random,rac_decorr,random,racs_bb-nodes_prop-mod_pettifor_scope-2_propagg-diff_corragg-sum_bbagg-sum,rac,0.001808389869562469
rac_decorr__random,rac_decorr,random,racs_bb-nodes_prop-X_scope-1_propagg-product_corragg-avg_bbagg-avg,rac,0.0016205158425740224
rac_decorr__random,rac_decorr,random,racs_bb-nodes_prop-mod_pettifor_scope-1_propagg-product_corragg-sum_bbagg-avg,rac,0.0016063431205839307
rac_decorr__random,rac_decorr,random,racs_bb-nodes_prop-mod_pettifor_scope-2_propagg-diff_corragg-avg_bbagg-sum,rac,0.001409405511079788
rac_decorr__random,rac_decorr,random,racs_bb-nodes_prop-X_scope-1_propagg-product_corragg-sum_bbagg-avg,rac,0.00139560216052253
rac_decorr__random,rac_decorr,random,racs_bb-nodes_prop-I_scope-2_propagg-product_corragg-sum_bbagg-sum,rac,0.00133878396595992
rac_decorr__random,rac_decorr,random,racs_bb-nodes_prop-X_scope-1_propagg-diff_corragg-sum_bbagg-avg,rac,0.0013218315576801237
rac_decorr__random,rac_decorr,random,racs_bb-nodes_prop-mod_pettifor_scope-1_propagg-diff_corragg-sum_bbagg-sum,rac,0.0012598305234462726
rac_decorr__random,rac_decorr,random,racs_bb-nodes_prop-mod_pettifor_scope-2_propagg-diff_corragg-avg_bbagg-avg,rac,0.0012554467460680542
rac_decorr__random,rac_decorr,random,racs_bb-nodes_prop-I_scope-1_propagg-product_corragg-sum_bbagg-avg,rac,0.001120936856829328
rac_decorr__random,rac_decorr,random,racs_bb-nodes_prop-mod_pettifor_scope-1_propagg-diff_corragg-avg_bbagg-sum,rac,0.0010554021753806766
rac_decorr__random,rac_decorr,random,racs_bb-nodes_prop-X_scope-1_propagg-diff_corragg-avg_bbagg-sum,rac,0.0009379128253736409
rac_decorr__metal,rac_decorr,metal,racs_bb-nodes_prop-T_scope-3_propagg-product_corragg-avg_bbagg-avg,rac,0.0799851000847573
rac_decorr__metal,rac_decorr,metal,racs_bb-nodes_prop-T_scope-3_propagg-product_corragg-avg_bbagg-sum,rac,0.03794293726358449
rac_decorr__metal,rac_decorr,metal,racs_bb-nodes_prop-T_scope-3_propagg-diff_corragg-avg_bbagg-avg,rac,0.02714440534238926
rac_decorr__metal,rac_decorr,metal,racs_bb-nodes_prop-X_scope-3_propagg-product_corragg-avg_bbagg-avg,rac,0.027140499418733564
rac_decorr__metal,rac_decorr,metal,racs_bb-nodes_prop-T_scope-2_propagg-product_corragg-avg_bbagg-avg,rac,0.027077103844897848
rac_decorr__metal,rac_decorr,metal,racs_bb-nodes_prop-mod_pettifor_scope-3_propagg-diff_corragg-sum_bbagg-avg,rac,0.023182791393168298
rac_decorr__metal,rac_decorr,metal,racs_bb-nodes_prop-X_scope-3_propagg-diff_corragg-sum_bbagg-avg,rac,0.02056212825725852
rac_decorr__metal,rac_decorr,metal,racs_bb-nodes_prop-X_scope-3_propagg-product_corragg-sum_bbagg-avg,rac,0.017582274769032534
rac_decorr__metal,rac_decorr,metal,racs_bb-nodes_prop-mod_pettifor_scope-1_propagg-diff_corragg-avg_bbagg-avg,rac,0.014688607926700532
rac_decorr__metal,rac_decorr,metal,racs_bb-nodes_prop-T_scope-2_propagg-product_corragg-sum_bbagg-avg,rac,0.01415615656750038
rac_decorr__metal,rac_decorr,metal,racs_bb-nodes_prop-X_scope-2_propagg-product_corragg-avg_bbagg-avg,rac,0.013032444078234545
rac_decorr__metal,rac_decorr,metal,racs_bb-nodes_prop-mod_pettifor_scope-2_propagg-diff_corragg-sum_bbagg-sum,rac,0.011248332497279025
rac_decorr__metal,rac_decorr,metal,racs_bb-nodes_prop-X_scope-1_propagg-product_corragg-avg_bbagg-avg,rac,0.011120238123878353
rac_decorr__metal,rac_decorr,metal,racs_bb-nodes_prop-mod_pettifor_scope-3_propagg-product_corragg-sum_bbagg-avg,rac,0.009599338069865009
rac_decorr__metal,rac_decorr,metal,racs_bb-nodes_prop-X_scope-2_propagg-diff_corragg-avg_bbagg-sum,rac,0.00926042164189394
rac_decorr__metal,rac_decorr,metal,racs_bb-nodes_prop-mod_pettifor_scope-2_propagg-product_corragg-sum_bbagg-sum,rac,0.006090614521247337
rac_decorr__metal,rac_decorr,metal,racs_bb-nodes_prop-X_scope-2_propagg-diff_corragg-sum_bbagg-sum,rac,0.005712534338049102
rac_decorr__metal,rac_decorr,metal,racs_bb-nodes_prop-T_scope-2_propagg-diff_corragg-sum_bbagg-avg,rac,0.005629318845606148
rac_decorr__metal,rac_decorr,metal,racs_bb-nodes_prop-T_scope-2_propagg-product_corragg-sum_bbagg-sum,rac,0.004770679488351291
rac_decorr__metal,rac_decorr,metal,racs_bb-nodes_prop-T_scope-2_propagg-diff_corragg-avg_bbagg-avg,rac,0.004589016931650049
rac_decorr__metal,rac_decorr,metal,racs_bb-nodes_prop-I_scope-3_propagg-product_corragg-sum_bbagg-avg,rac,0.004393637219856872
rac_decorr__metal,rac_decorr,metal,racs_bb-nodes_prop-T_scope-2_propagg-diff_corragg-avg_bbagg-sum,rac,0.004165276908344695
rac_decorr__metal,rac_decorr,metal,racs_bb-nodes_prop-mod_pettifor_scope-2_propagg-diff_corragg-sum_bbagg-avg,rac,0.0038643276773557304
rac_decorr__metal,rac_decorr,metal,racs_bb-nodes_prop-X_scope-2_propagg-diff_corragg-avg_bbagg-avg,rac,0.0038576418810901884
rac_decorr__metal,rac_decorr,metal,racs_bb-nodes_prop-X_scope-2_propagg-diff_corragg-sum_bbagg-avg,rac,0.0037996842420326875
rac_decorr__metal,rac_decorr,metal,racs_bb-nodes_prop-T_scope-2_propagg-diff_corragg-sum_bbagg-sum,rac,0.003783896786530217
rac_decorr__metal,rac_decorr,metal,racs_bb-nodes_prop-X_scope-2_propagg-product_corragg-sum_bbagg-avg,rac,0.0030994593242658756
rac_decorr__metal,rac_decorr,metal,racs_bb-nodes_prop-X_scope-1_propagg-diff_corragg-avg_bbagg-avg,rac,0.0030391397069882624
rac_decorr__metal,rac_decorr,metal,racs_bb-nodes_prop-X_scope-2_propagg-product_corragg-avg_bbagg-sum,rac,0.0029854729262857533
rac_decorr__metal,rac_decorr,metal,racs_bb-nodes_prop-mod_pettifor_scope-2_propagg-product_corragg-sum_bbagg-avg,rac,0.002918028870774684
rac_decorr__metal,rac_decorr,metal,racs_bb-nodes_prop-T_scope-1_propagg-diff_corragg-avg_bbagg-avg,rac,0.0028645624111692807
rac_decorr__metal,rac_decorr,metal,racs_bb-nodes_prop-mod_pettifor_scope-2_propagg-diff_corragg-avg_bbagg-sum,rac,0.0025128231769556467
rac_decorr__metal,rac_decorr,metal,racs_bb-nodes_prop-T_scope-1_propagg-product_corragg-avg_bbagg-avg,rac,0.002395067620393921
rac_decorr__metal,rac_decorr,metal,racs_bb-nodes_prop-mod_pettifor_scope-2_propagg-product_corragg-avg_bbagg-avg,rac,0.0023011447221297013
rac_decorr__metal,rac_decorr,metal,racs_bb-nodes_prop-X_scope-1_propagg-diff_corragg-sum_bbagg-avg,rac,0.0020340016523598915
rac_decorr__metal,rac_decorr,metal,racs_bb-nodes_prop-I_scope-1_propagg-product_corragg-sum_bbagg-avg,rac,0.001651794438482663
rac_decorr__metal,rac_decorr,metal,racs_bb-nodes_prop-X_scope-1_propagg-product_corragg-sum_bbagg-avg,rac,0.0015927392361671947
rac_decorr__metal,rac_decorr,metal,racs_bb-nodes_prop-mod_pettifor_scope-1_propagg-product_corragg-avg_bbagg-sum,rac,0.0014854731762827386
rac_decorr__metal,rac_decorr,metal,racs_bb-nodes_prop-I_scope-2_propagg-product_corragg-sum_bbagg-avg,rac,0.0013891963287439924
rac_decorr__metal,rac_decorr,metal,racs_bb-nodes_prop-I_scope-2_propagg-product_corragg-sum_bbagg-sum,rac,0.00138458440387026
rac_decorr__metal,rac_decorr,metal,racs_bb-nodes_prop-mod_pettifor_scope-2_propagg-diff_corragg-avg_bbagg-avg,rac,0.0013092052188215955
rac_decorr__metal,rac_decorr,metal,racs_bb-nodes_prop-mod_pettifor_scope-1_propagg-diff_corragg-avg_bbagg-sum,rac,0.0012716802904236357
rac_decorr__metal,rac_decorr,metal,racs_bb-nodes_prop-mod_pettifor_scope-1_propagg-diff_corragg-sum_bbagg-sum,rac,0.0010660603050824582
rac_decorr__metal,rac_decorr,metal,racs_bb-nodes_prop-X_scope-1_propagg-diff_corragg-avg_bbagg-sum,rac,0.0010564637660758274
rac_decorr__metal,rac_decorr,metal,racs_bb-nodes_prop-mod_pettifor_scope-1_propagg-product_corragg-sum_bbagg-avg,rac,0.0009103433442375447
rac_decorr__topology,rac_decorr,topology,racs_bb-nodes_prop-T_scope-3_propagg-product_corragg-avg_bbagg-avg,rac,0.12882062588924104
rac_decorr__topology,rac_decorr,topology,racs_bb-nodes_prop-T_scope-3_propagg-product_corragg-avg_bbagg-sum,rac,0.04362651471678552
rac_decorr__topology,rac_decorr,topology,racs_bb-nodes_prop-T_scope-2_propagg-product_corragg-avg_bbagg-avg,rac,0.04209630405025508
rac_decorr__topology,rac_decorr,topology,racs_bb-nodes_prop-T_scope-3_propagg-diff_corragg-avg_bbagg-avg,rac,0.035107823949077535
rac_decorr__topology,rac_decorr,topology,racs_bb-nodes_prop-T_scope-2_propagg-product_corragg-sum_bbagg-avg,rac,0.03173219011206063
rac_decorr__topology,rac_decorr,topology,racs_bb-nodes_prop-I_scope-3_propagg-product_corragg-sum_bbagg-avg,rac,0.01583897514655664
rac_decorr__topology,rac_decorr,topology,racs_bb-nodes_prop-T_scope-2_propagg-diff_corragg-avg_bbagg-sum,rac,0.015580179894525705
rac_decorr__topology,rac_decorr,topology,racs_bb-nodes_prop-T_scope-2_propagg-diff_corragg-sum_bbagg-sum,rac,0.015526600609175227
rac_decorr__topology,rac_decorr,topology,racs_bb-nodes_prop-T_scope-2_propagg-diff_corragg-sum_bbagg-avg,rac,0.012674622990413836
rac_decorr__topology,rac_decorr,topology,racs_bb-nodes_prop-X_scope-2_propagg-diff_corragg-avg_bbagg-sum,rac,0.012462758975948502
rac_decorr__topology,rac_decorr,topology,racs_bb-nodes_prop-mod_pettifor_scope-3_propagg-product_corragg-sum_bbagg-avg,rac,0.012202868354000524
rac_decorr__topology,rac_decorr,topology,racs_bb-nodes_prop-T_scope-1_propagg-diff_corragg-avg_bbagg-avg,rac,0.011439755605159857
rac_decorr__topology,rac_decorr,topology,racs_bb-nodes_prop-T_scope-2_propagg-diff_corragg-avg_bbagg-avg,rac,0.01081594635129409
rac_decorr__topology,rac_decorr,topology,racs_bb-nodes_prop-X_scope-2_propagg-product_corragg-avg_bbagg-sum,rac,0.009615881235944874
rac_decorr__topology,rac_decorr,topology,racs_bb-nodes_prop-X_scope-3_propagg-diff_corragg-sum_bbagg-avg,rac,0.009555695511924511
rac_decorr__topology,rac_decorr,topology,racs_bb-nodes_prop-mod_pettifor_scope-2_propagg-product_corragg-sum_bbagg-sum,rac,0.009549775921159227
rac_decorr__topology,rac_decorr,topology,racs_bb-nodes_prop-X_scope-2_propagg-diff_corragg-sum_bbagg-sum,rac,0.009088006957090432
rac_decorr__topology,rac_decorr,topology,racs_bb-nodes_prop-mod_pettifor_scope-2_propagg-diff_corragg-avg_bbagg-sum,rac,0.007837687498480224
rac_decorr__topology,rac_decorr,topology,racs_bb-nodes_prop-X_scope-3_propagg-product_corragg-sum_bbagg-avg,rac,0.007631513243238102
rac_decorr__topology,rac_decorr,topology,racs_bb-nodes_prop-X_scope-3_propagg-product_corragg-avg_bbagg-avg,rac,0.00731331013440347
rac_decorr__topology,rac_decorr,topology,racs_bb-nodes_prop-mod_pettifor_scope-2_propagg-diff_corragg-sum_bbagg-sum,rac,0.007124865914554159
rac_decorr__topology,rac_decorr,topology,racs_bb-nodes_prop-I_scope-2_propagg-product_corragg-sum_bbagg-sum,rac,0.006739197466757735
rac_decorr__topology,rac_decorr,topology,racs_bb-nodes_prop-T_scope-2_propagg-product_corragg-sum_bbagg-sum,rac,0.006357128921100935
rac_decorr__topology,rac_decorr,topology,racs_bb-nodes_prop-mod_pettifor_scope-1_propagg-product_corragg-avg_bbagg-sum,rac,0.006076532027440113
rac_decorr__topology,rac_decorr,topology,racs_bb-nodes_prop-X_scope-2_propagg-diff_corragg-avg_bbagg-avg,rac,0.0057715450908243015
rac_decorr__topology,rac_decorr,topology,racs_bb-nodes_prop-mod_pettifor_scope-1_propagg-diff_corragg-sum_bbagg-sum,rac,0.005715792356612954
rac_decorr__topology,rac_decorr,topology,racs_bb-nodes_prop-mod_pettifor_scope-3_propagg-diff_corragg-sum_bbagg-avg,rac,0.005516037767431827
rac_decorr__topology,rac_decorr,topology,racs_bb-nodes_prop-T_scope-1_propagg-product_corragg-avg_bbagg-avg,rac,0.005134587302809672
rac_decorr__topology,rac_decorr,topology,racs_bb-nodes_prop-X_scope-1_propagg-diff_corragg-avg_bbagg-avg,rac,0.0050895765466528005
rac_decorr__topology,rac_decorr,topology,racs_bb-nodes_prop-I_scope-1_propagg-product_corragg-sum_bbagg-avg,rac,0.0049526658358119615
rac_decorr__topology,rac_decorr,topology,racs_bb-nodes_prop-mod_pettifor_scope-2_propagg-product_corragg-sum_bbagg-avg,rac,0.0048606542602807985
rac_decorr__topology,rac_decorr,topology,racs_bb-nodes_prop-X_scope-2_propagg-diff_corragg-sum_bbagg-avg,rac,0.004707668524729198
rac_decorr__topology,rac_decorr,topology,racs_bb-nodes_prop-X_scope-1_propagg-diff_corragg-sum_bbagg-avg,rac,0.0044876937539682004
rac_decorr__topology,rac_decorr,topology,racs_bb-nodes_prop-X_scope-2_propagg-product_corragg-sum_bbagg-avg,rac,0.003879451247813236
rac_decorr__topology,rac_decorr,topology,racs_bb-nodes_prop-X_scope-1_propagg-product_corragg-avg_bbagg-avg,rac,0.003827017980403881
rac_decorr__topology,rac_decorr,topology,racs_bb-nodes_prop-mod_pettifor_scope-1_propagg-diff_corragg-avg_bbagg-avg,rac,0.0037537005650601723
rac_decorr__topology,rac_decorr,topology,racs_bb-nodes_prop-X_scope-2_propagg-product_corragg-avg_bbagg-avg,rac,0.00372547492601634
rac_decorr__topology,rac_decorr,topology,racs_bb-nodes_prop-X_scope-1_propagg-product_corragg-sum_bbagg-avg,rac,0.0036460952253031284
rac_decorr__topology,rac_decorr,topology,racs_bb-nodes_prop-mod_pettifor_scope-1_propagg-product_corragg-sum_bbagg-avg,rac,0.0035719330422603534
rac_decorr__topology,rac_decorr,topology,racs_bb-nodes_prop-mod_pettifor_scope-2_propagg-product_corragg-avg_bbagg-avg,rac,0.0031130860818666213
rac_decorr__topology,rac_decorr,topology,racs_bb-nodes_prop-mod_pettifor_scope-2_propagg-diff_corragg-avg_bbagg-avg,rac,0.0029211510682331195
rac_decorr__topology,rac_decorr,topology,racs_bb-nodes_prop-mod_pettifor_scope-1_propagg-diff_corragg-avg_bbagg-sum,rac,0.002831072445495706
rac_decorr__topology,rac_decorr,topology,racs_bb-nodes_prop-mod_pettifor_scope-2_propagg-diff_corragg-sum_bbagg-avg,rac,0.002432533756338296
rac_decorr__topology,rac_decorr,topology,racs_bb-nodes_prop-I_scope-2_propagg-product_corragg-sum_bbagg-avg,rac,0.0023874689326431687
rac_decorr__topology,rac_decorr,topology,racs_bb-nodes_prop-X_scope-1_propagg-diff_corragg-avg_bbagg-sum,rac,0.001664400262334915
rac_all__random,rac_all,random,racs_bb-nodes_prop-T_scope-3_propagg-product_corragg-sum_bbagg-avg,rac,0.04909153681795705
rac_all__random,rac_all,random,racs_bb-nodes_prop-T_scope-3_propagg-product_corragg-avg_bbagg-avg,rac,0.03862654940295072
rac_all__random,rac_all,random,racs_bb-nodes_prop-T_scope-3_propagg-product_corragg-avg_bbagg-sum,rac,0.01906735411321947
rac_all__random,rac_all,random,racs_bb-nodes_prop-T_scope-3_propagg-product_corragg-sum_bbagg-sum,rac,0.01663573303151003
rac_all__random,rac_all,random,racs_bb-nodes_prop-T_scope-3_propagg-diff_corragg-sum_bbagg-sum,rac,0.015628290410161023
rac_all__random,rac_all,random,racs_bb-nodes_prop-T_scope-3_propagg-diff_corragg-avg_bbagg-sum,rac,0.014613232355761601
rac_all__random,rac_all,random,racs_bb-nodes_prop-T_scope-2_propagg-product_corragg-avg_bbagg-avg,rac,0.014339811582339674
rac_all__random,rac_all,random,racs_bb-nodes_prop-T_scope-3_propagg-diff_corragg-sum_bbagg-avg,rac,0.010683783696501766
rac_all__random,rac_all,random,racs_bb-nodes_prop-T_scope-2_propagg-product_corragg-avg_bbagg-sum,rac,0.010315382231140757
rac_all__random,rac_all,random,racs_bb-nodes_prop-T_scope-3_propagg-diff_corragg-avg_bbagg-avg,rac,0.010123960403094592
rac_all__random,rac_all,random,racs_bb-nodes_prop-X_scope-3_propagg-diff_corragg-avg_bbagg-avg,rac,0.007151610065960095
rac_all__random,rac_all,random,racs_bb-nodes_prop-X_scope-3_propagg-diff_corragg-avg_bbagg-sum,rac,0.006914257871400714
rac_all__random,rac_all,random,racs_bb-nodes_prop-T_scope-2_propagg-product_corragg-sum_bbagg-avg,rac,0.006134815149414994
rac_all__random,rac_all,random,racs_bb-nodes_prop-mod_pettifor_scope-3_propagg-product_corragg-sum_bbagg-avg,rac,0.0051438919393218124
rac_all__random,rac_all,random,racs_bb-nodes_prop-T_scope-2_propagg-diff_corragg-avg_bbagg-avg,rac,0.004884073752264316
rac_all__random,rac_all,random,racs_bb-nodes_prop-T_scope-2_propagg-diff_corragg-sum_bbagg-avg,rac,0.004736752186641753
rac_all__random,rac_all,random,racs_bb-nodes_prop-X_scope-3_propagg-diff_corragg-sum_bbagg-avg,rac,0.004442674050084886
rac_all__random,rac_all,random,racs_bb-nodes_prop-mod_pettifor_scope-3_propagg-product_corragg-sum_bbagg-sum,rac,0.004430098580992071
rac_all__random,rac_all,random,racs_bb-nodes_prop-I_scope-3_propagg-product_corragg-sum_bbagg-avg,rac,0.004363226071565622
rac_all__random,rac_all,random,racs_bb-nodes_prop-mod_pettifor_scope-3_propagg-product_corragg-avg_bbagg-sum,rac,0.004302399031321741
rac_all__random,rac_all,random,racs_bb-nodes_prop-T_scope-2_propagg-product_corragg-sum_bbagg-sum,rac,0.0042948423830334705
rac_all__random,rac_all,random,racs_bb-nodes_prop-mod_pettifor_scope-3_propagg-diff_corragg-sum_bbagg-sum,rac,0.004225992551754533
rac_all__random,rac_all,random,racs_bb-nodes_prop-mod_pettifor_scope-3_propagg-diff_corragg-avg_bbagg-sum,rac,0.004184215687727994
rac_all__random,rac_all,random,racs_bb-nodes_prop-mod_pettifor_scope-3_propagg-diff_corragg-sum_bbagg-avg,rac,0.004152705557595281
rac_all__random,rac_all,random,racs_bb-nodes_prop-mod_pettifor_scope-3_propagg-product_corragg-avg_bbagg-avg,rac,0.00408637241948176
rac_all__random,rac_all,random,racs_bb-nodes_prop-X_scope-3_propagg-diff_corragg-sum_bbagg-sum,rac,0.004016567867577215
rac_all__random,rac_all,random,racs_bb-nodes_prop-X_scope-3_propagg-product_corragg-avg_bbagg-sum,rac,0.0039034907670029337
rac_all__random,rac_all,random,racs_bb-nodes_prop-T_scope-1_propagg-product_corragg-sum_bbagg-sum,rac,0.0038379723918940743
rac_all__random,rac_all,random,racs_bb-nodes_prop-T_scope-1_propagg-product_corragg-avg_bbagg-sum,rac,0.003797126849274595
rac_all__random,rac_all,random,racs_bb-nodes_prop-mod_pettifor_scope-3_propagg-diff_corragg-avg_bbagg-avg,rac,0.0036910578499499114
rac_all__random,rac_all,random,racs_bb-nodes_prop-X_scope-3_propagg-product_corragg-avg_bbagg-avg,rac,0.0033009833561839967
rac_all__random,rac_all,random,racs_bb-nodes_prop-X_scope-2_propagg-diff_corragg-sum_bbagg-avg,rac,0.0031626028759133224
rac_all__random,rac_all,random,racs_bb-nodes_prop-X_scope-3_propagg-product_corragg-sum_bbagg-sum,rac,0.003033670392313387
rac_all__random,rac_all,random,racs_bb-nodes_prop-X_scope-2_propagg-product_corragg-sum_bbagg-avg,rac,0.0030156687924476457
rac_all__random,rac_all,random,racs_bb-nodes_prop-X_scope-2_propagg-diff_corragg-sum_bbagg-sum,rac,0.0025789074870919454
rac_all__random,rac_all,random,racs_bb-nodes_prop-T_scope-1_propagg-product_corragg-avg_bbagg-avg,rac,0.0025622732747690247
rac_all__random,rac_all,random,racs_bb-nodes_prop-mod_pettifor_scope-2_propagg-product_corragg-avg_bbagg-sum,rac,0.002403158006380097
rac_all__random,rac_all,random,racs_bb-nodes_prop-mod_pettifor_scope-2_propagg-product_corragg-sum_bbagg-avg,rac,0.0024030263432448695
rac_all__random,rac_all,random,racs_bb-nodes_prop-X_scope-3_propagg-product_corragg-sum_bbagg-avg,rac,0.0023293648284291937
rac_all__random,rac_all,random,racs_bb-nodes_prop-T_scope-1_propagg-diff_corragg-sum_bbagg-avg,rac,0.0019932240351124013
rac_all__random,rac_all,random,racs_bb-nodes_prop-X_scope-2_propagg-product_corragg-avg_bbagg-sum,rac,0.001988880106691504
rac_all__random,rac_all,random,racs_bb-nodes_prop-mod_pettifor_scope-2_propagg-product_corragg-sum_bbagg-sum,rac,0.001956846866479843
rac_all__random,rac_all,random,racs_bb-nodes_prop-T_scope-1_propagg-diff_corragg-avg_bbagg-avg,rac,0.0018948436432784626
rac_all__random,rac_all,random,racs_bb-nodes_prop-T_scope-2_propagg-diff_corragg-sum_bbagg-sum,rac,0.0018547431309836788
rac_all__random,rac_all,random,racs_bb-nodes_prop-X_scope-2_propagg-diff_corragg-avg_bbagg-avg,rac,0.00177596691563546
rac_all__random,rac_all,random,racs_bb-nodes_prop-T_scope-2_propagg-diff_corragg-avg_bbagg-sum,rac,0.0016600589057517655
rac_all__random,rac_all,random,racs_bb-nodes_prop-X_scope-2_propagg-diff_corragg-avg_bbagg-sum,rac,0.00165426040760993
rac_all__random,rac_all,random,racs_bb-nodes_prop-T_scope-1_propagg-product_corragg-sum_bbagg-avg,rac,0.001544722444170885
rac_all__random,rac_all,random,racs_bb-nodes_prop-I_scope-1_propagg-product_corragg-sum_bbagg-avg,rac,0.0015050499156816592
rac_all__random,rac_all,random,racs_bb-nodes_prop-X_scope-2_propagg-product_corragg-avg_bbagg-avg,rac,0.0014130272870842141
rac_all__random,rac_all,random,racs_bb-nodes_prop-T_scope-1_propagg-diff_corragg-sum_bbagg-sum,rac,0.001362637583437446
rac_all__random,rac_all,random,racs_bb-nodes_prop-mod_pettifor_scope-1_propagg-product_corragg-avg_bbagg-sum,rac,0.0013110444784320272
rac_all__random,rac_all,random,racs_bb-nodes_prop-X_scope-2_propagg-product_corragg-sum_bbagg-sum,rac,0.0013041445708103744
rac_all__random,rac_all,random,racs_bb-nodes_prop-mod_pettifor_scope-1_propagg-product_corragg-sum_bbagg-avg,rac,0.0012976307490022549
rac_all__random,rac_all,random,racs_bb-nodes_prop-I_scope-2_propagg-product_corragg-sum_bbagg-avg,rac,0.001138238941451406
rac_all__random,rac_all,random,racs_bb-nodes_prop-mod_pettifor_scope-2_propagg-diff_corragg-sum_bbagg-avg,rac,0.0011214095028272864
rac_all__random,rac_all,random,racs_bb-nodes_prop-X_scope-1_propagg-diff_corragg-avg_bbagg-avg,rac,0.0011198366296621754
rac_all__random,rac_all,random,racs_bb-nodes_prop-mod_pettifor_scope-2_propagg-product_corragg-avg_bbagg-avg,rac,0.0010606614658051198
rac_all__random,rac_all,random,racs_bb-nodes_prop-mod_pettifor_scope-1_propagg-product_corragg-avg_bbagg-avg,rac,0.0009855880459201645
rac_all__random,rac_all,random,racs_bb-nodes_prop-T_scope-1_propagg-diff_corragg-avg_bbagg-sum,rac,0.000920338448925891
rac_all__random,rac_all,random,racs_bb-nodes_prop-X_scope-1_propagg-product_corragg-avg_bbagg-avg,rac,0.0008409037871206128
rac_all__random,rac_all,random,racs_bb-nodes_prop-I_scope-3_propagg-product_corragg-sum_bbagg-sum,rac,0.0008289099605164253
rac_all__random,rac_all,random,racs_bb-nodes_prop-mod_pettifor_scope-1_propagg-diff_corragg-avg_bbagg-avg,rac,0.000792884561330174
rac_all__random,rac_all,random,racs_bb-nodes_prop-mod_pettifor_scope-2_propagg-diff_corragg-sum_bbagg-sum,rac,0.0006917792563417467
rac_all__random,rac_all,random,racs_bb-nodes_prop-mod_pettifor_scope-1_propagg-product_corragg-sum_bbagg-sum,rac,0.0006474375893278951
rac_all__random,rac_all,random,racs_bb-nodes_prop-mod_pettifor_scope-2_propagg-diff_corragg-avg_bbagg-sum,rac,0.0006219152397177078
rac_all__random,rac_all,random,racs_bb-nodes_prop-X_scope-1_propagg-diff_corragg-sum_bbagg-sum,rac,0.0005834161886923169
rac_all__random,rac_all,random,racs_bb-nodes_prop-X_scope-1_propagg-diff_corragg-sum_bbagg-avg,rac,0.0005601077224868668
rac_all__random,rac_all,random,racs_bb-nodes_prop-X_scope-1_propagg-product_corragg-sum_bbagg-avg,rac,0.0005572664863276601
rac_all__random,rac_all,random,racs_bb-nodes_prop-mod_pettifor_scope-2_propagg-diff_corragg-avg_bbagg-avg,rac,0.0005527197662361118
rac_all__random,rac_all,random,racs_bb-nodes_prop-I_scope-2_propagg-product_corragg-sum_bbagg-sum,rac,0.0004886768498363098
rac_all__random,rac_all,random,racs_bb-nodes_prop-X_scope-1_propagg-diff_corragg-avg_bbagg-sum,rac,0.0004451108380749041
rac_all__random,rac_all,random,racs_bb-nodes_prop-mod_pettifor_scope-1_propagg-diff_corragg-sum_bbagg-avg,rac,0.0004377770567880531
rac_all__random,rac_all,random,racs_bb-nodes_prop-mod_pettifor_scope-1_propagg-diff_corragg-sum_bbagg-sum,rac,0.0003174874748348911
rac_all__random,rac_all,random,racs_bb-nodes_prop-X_scope-1_propagg-product_corragg-sum_bbagg-sum,rac,0.0003007269641145751
rac_all__random,rac_all,random,racs_bb-nodes_prop-mod_pettifor_scope-1_propagg-diff_corragg-avg_bbagg-sum,rac,0.0002912807904317157
rac_all__random,rac_all,random,racs_bb-nodes_prop-X_scope-1_propagg-product_corragg-avg_bbagg-sum,rac,0.00021993566904905958
rac_all__random,rac_all,random,racs_bb-nodes_prop-I_scope-1_propagg-product_corragg-sum_bbagg-sum,rac,0.00018986849487446592
rac_all__random,rac_all,random,racs_bb-nodes_prop-I_scope-1_propagg-product_corragg-avg_bbagg-sum,rac,7.453189678627402e-05
rac_all__random,rac_all,random,racs_bb-nodes_prop-I_scope-3_propagg-product_corragg-avg_bbagg-sum,rac,7.316861108432763e-05
rac_all__random,rac_all,random,racs_bb-nodes_prop-I_scope-2_propagg-product_corragg-avg_bbagg-sum,rac,3.1876692194720675e-05
rac_all__metal,rac_all,metal,racs_bb-nodes_prop-T_scope-3_propagg-product_corragg-sum_bbagg-avg,rac,0.040452977667614375
rac_all__metal,rac_all,metal,racs_bb-nodes_prop-T_scope-3_propagg-product_corragg-avg_bbagg-avg,rac,0.0332435443799736
rac_all__metal,rac_all,metal,racs_bb-nodes_prop-T_scope-3_propagg-product_corragg-sum_bbagg-sum,rac,0.02586922800959303
rac_all__metal,rac_all,metal,racs_bb-nodes_prop-T_scope-3_propagg-diff_corragg-avg_bbagg-sum,rac,0.014843010053277128
rac_all__metal,rac_all,metal,racs_bb-nodes_prop-T_scope-2_propagg-product_corragg-avg_bbagg-avg,rac,0.01477140817630782
rac_all__metal,rac_all,metal,racs_bb-nodes_prop-X_scope-3_propagg-diff_corragg-sum_bbagg-avg,rac,0.014127736565407225
rac_all__metal,rac_all,metal,racs_bb-nodes_prop-T_scope-3_propagg-product_corragg-avg_bbagg-sum,rac,0.01335131159667451
rac_all__metal,rac_all,metal,racs_bb-nodes_prop-T_scope-2_propagg-product_corragg-avg_bbagg-sum,rac,0.012586493139516269
rac_all__metal,rac_all,metal,racs_bb-nodes_prop-mod_pettifor_scope-3_propagg-diff_corragg-sum_bbagg-avg,rac,0.012267420194970343
rac_all__metal,rac_all,metal,racs_bb-nodes_prop-T_scope-3_propagg-diff_corragg-sum_bbagg-sum,rac,0.012117018402139336
rac_all__metal,rac_all,metal,racs_bb-nodes_prop-X_scope-3_propagg-product_corragg-avg_bbagg-avg,rac,0.011488313595691566
rac_all__metal,rac_all,metal,racs_bb-nodes_prop-T_scope-3_propagg-diff_corragg-avg_bbagg-avg,rac,0.00993309046404573
rac_all__metal,rac_all,metal,racs_bb-nodes_prop-X_scope-3_propagg-product_corragg-sum_bbagg-avg,rac,0.009523530345028652
rac_all__metal,rac_all,metal,racs_bb-nodes_prop-X_scope-3_propagg-diff_corragg-sum_bbagg-sum,rac,0.00912959985997541
rac_all__metal,rac_all,metal,racs_bb-nodes_prop-mod_pettifor_scope-1_propagg-diff_corragg-avg_bbagg-avg,rac,0.008945741502409907
rac_all__metal,rac_all,metal,racs_bb-nodes_prop-T_scope-3_propagg-diff_corragg-sum_bbagg-avg,rac,0.008792753918432745
rac_all__metal,rac_all,metal,racs_bb-nodes_prop-mod_pettifor_scope-2_propagg-diff_corragg-sum_bbagg-sum,rac,0.006852856607866541
rac_all__metal,rac_all,metal,racs_bb-nodes_prop-T_scope-2_propagg-product_corragg-sum_bbagg-avg,rac,0.006676541958392069
rac_all__metal,rac_all,metal,racs_bb-nodes_prop-mod_pettifor_scope-2_propagg-diff_corragg-sum_bbagg-avg,rac,0.0065027499475014605
rac_all__metal,rac_all,metal,racs_bb-nodes_prop-mod_pettifor_scope-3_propagg-product_corragg-avg_bbagg-avg,rac,0.005936552443983617
rac_all__metal,rac_all,metal,racs_bb-nodes_prop-X_scope-1_propagg-product_corragg-avg_bbagg-avg,rac,0.0058214579354838375
rac_all__metal,rac_all,metal,racs_bb-nodes_prop-mod_pettifor_scope-3_propagg-product_corragg-avg_bbagg-sum,rac,0.005728612965885221
rac_all__metal,rac_all,metal,racs_bb-nodes_prop-X_scope-3_propagg-product_corragg-avg_bbagg-sum,rac,0.0054205055657723265
rac_all__metal,rac_all,metal,racs_bb-nodes_prop-X_scope-3_propagg-product_corragg-sum_bbagg-sum,rac,0.00495997463028898
rac_all__metal,rac_all,metal,racs_bb-nodes_prop-X_scope-2_propagg-product_corragg-avg_bbagg-avg,rac,0.004585600638489642
rac_all__metal,rac_all,metal,racs_bb-nodes_prop-mod_pettifor_scope-3_propagg-diff_corragg-sum_bbagg-sum,rac,0.004307476865624342
rac_all__metal,rac_all,metal,racs_bb-nodes_prop-mod_pettifor_scope-3_propagg-product_corragg-sum_bbagg-avg,rac,0.004218398544524629
rac_all__metal,rac_all,metal,racs_bb-nodes_prop-X_scope-2_propagg-diff_corragg-avg_bbagg-sum,rac,0.0041623609368260026
rac_all__metal,rac_all,metal,racs_bb-nodes_prop-mod_pettifor_scope-3_propagg-product_corragg-sum_bbagg-sum,rac,0.003979159251142293
rac_all__metal,rac_all,metal,racs_bb-nodes_prop-mod_pettifor_scope-3_propagg-diff_corragg-avg_bbagg-avg,rac,0.00394584057583469
rac_all__metal,rac_all,metal,racs_bb-nodes_prop-X_scope-3_propagg-diff_corragg-avg_bbagg-avg,rac,0.0038451581539657637
rac_all__metal,rac_all,metal,racs_bb-nodes_prop-X_scope-3_propagg-diff_corragg-avg_bbagg-sum,rac,0.0037639328969393112
rac_all__metal,rac_all,metal,racs_bb-nodes_prop-T_scope-2_propagg-product_corragg-sum_bbagg-sum,rac,0.0034038263571603373
rac_all__metal,rac_all,metal,racs_bb-nodes_prop-X_scope-2_propagg-diff_corragg-sum_bbagg-sum,rac,0.0033762332584630858
rac_all__metal,rac_all,metal,racs_bb-nodes_prop-mod_pettifor_scope-3_propagg-diff_corragg-avg_bbagg-sum,rac,0.0031965032329268044
rac_all__metal,rac_all,metal,racs_bb-nodes_prop-X_scope-2_propagg-diff_corragg-avg_bbagg-avg,rac,0.0030026099379342292
rac_all__metal,rac_all,metal,racs_bb-nodes_prop-I_scope-3_propagg-product_corragg-sum_bbagg-avg,rac,0.002998291527311155
rac_all__metal,rac_all,metal,racs_bb-nodes_prop-T_scope-2_propagg-diff_corragg-sum_bbagg-avg,rac,0.0028428637080462555
rac_all__metal,rac_all,metal,racs_bb-nodes_prop-T_scope-1_propagg-diff_corragg-avg_bbagg-avg,rac,0.002765241480418776
rac_all__metal,rac_all,metal,racs_bb-nodes_prop-X_scope-2_propagg-diff_corragg-sum_bbagg-avg,rac,0.0025975712939084136
rac_all__metal,rac_all,metal,racs_bb-nodes_prop-X_scope-2_propagg-product_corragg-sum_bbagg-avg,rac,0.002435908174999151
rac_all__metal,rac_all,metal,racs_bb-nodes_prop-T_scope-2_propagg-diff_corragg-avg_bbagg-avg,rac,0.0023366684060876627
rac_all__metal,rac_all,metal,racs_bb-nodes_prop-mod_pettifor_scope-2_propagg-product_corragg-avg_bbagg-sum,rac,0.002296877203796842
rac_all__metal,rac_all,metal,racs_bb-nodes_prop-mod_pettifor_scope-1_propagg-product_corragg-avg_bbagg-avg,rac,0.002130481762579828
rac_all__metal,rac_all,metal,racs_bb-nodes_prop-T_scope-1_propagg-diff_corragg-sum_bbagg-sum,rac,0.0021121679540185225
rac_all__metal,rac_all,metal,racs_bb-nodes_prop-T_scope-1_propagg-product_corragg-avg_bbagg-avg,rac,0.002039213542711775
rac_all__metal,rac_all,metal,racs_bb-nodes_prop-X_scope-1_propagg-diff_corragg-avg_bbagg-avg,rac,0.0019536653689044337
rac_all__metal,rac_all,metal,racs_bb-nodes_prop-T_scope-1_propagg-product_corragg-avg_bbagg-sum,rac,0.0019505169170091299
rac_all__metal,rac_all,metal,racs_bb-nodes_prop-X_scope-2_propagg-product_corragg-avg_bbagg-sum,rac,0.0019406816376125093
rac_all__metal,rac_all,metal,racs_bb-nodes_prop-T_scope-2_propagg-diff_corragg-sum_bbagg-sum,rac,0.0019068724147607821
rac_all__metal,rac_all,metal,racs_bb-nodes_prop-T_scope-1_propagg-product_corragg-sum_bbagg-avg,rac,0.001788095973735068
rac_all__metal,rac_all,metal,racs_bb-nodes_prop-T_scope-1_propagg-diff_corragg-sum_bbagg-avg,rac,0.0017139747682631738
rac_all__metal,rac_all,metal,racs_bb-nodes_prop-mod_pettifor_scope-2_propagg-product_corragg-sum_bbagg-avg,rac,0.0016788363678062735
rac_all__metal,rac_all,metal,racs_bb-nodes_prop-I_scope-1_propagg-product_corragg-sum_bbagg-avg,rac,0.0016110254123760837
rac_all__metal,rac_all,metal,racs_bb-nodes_prop-T_scope-2_propagg-diff_corragg-avg_bbagg-sum,rac,0.0016072027927755788
rac_all__metal,rac_all,metal,racs_bb-nodes_prop-mod_pettifor_scope-2_propagg-diff_corragg-avg_bbagg-sum,rac,0.0015541516192917298
rac_all__metal,rac_all,metal,racs_bb-nodes_prop-mod_pettifor_scope-2_propagg-product_corragg-sum_bbagg-sum,rac,0.001547000125154809
rac_all__metal,rac_all,metal,racs_bb-nodes_prop-X_scope-2_propagg-product_corragg-sum_bbagg-sum,rac,0.001456955909090078
rac_all__metal,rac_all,metal,racs_bb-nodes_prop-X_scope-1_propagg-diff_corragg-avg_bbagg-sum,rac,0.001380248933261705
rac_all__metal,rac_all,metal,racs_bb-nodes_prop-X_scope-1_propagg-product_corragg-sum_bbagg-avg,rac,0.0012586813234253568
rac_all__metal,rac_all,metal,racs_bb-nodes_prop-T_scope-1_propagg-product_corragg-sum_bbagg-sum,rac,0.0012369949862124688
rac_all__metal,rac_all,metal,racs_bb-nodes_prop-I_scope-3_propagg-product_corragg-sum_bbagg-sum,rac,0.001209046054790677
rac_all__metal,rac_all,metal,racs_bb-nodes_prop-mod_pettifor_scope-1_propagg-diff_corragg-sum_bbagg-avg,rac,0.0011510687131307702
rac_all__metal,rac_all,metal,racs_bb-nodes_prop-mod_pettifor_scope-1_propagg-product_corragg-sum_bbagg-avg,rac,0.0010358584186626115
rac_all__metal,rac_all,metal,racs_bb-nodes_prop-mod_pettifor_scope-2_propagg-diff_corragg-avg_bbagg-avg,rac,0.0010185609760782535
rac_all__metal,rac_all,metal,racs_bb-nodes_prop-mod_pettifor_scope-2_propagg-product_corragg-avg_bbagg-avg,rac,0.0010115818645258508
rac_all__metal,rac_all,metal,racs_bb-nodes_prop-mod_pettifor_scope-1_propagg-diff_corragg-sum_bbagg-sum,rac,0.0008668461530924721
rac_all__metal,rac_all,metal,racs_bb-nodes_prop-X_scope-1_propagg-diff_corragg-sum_bbagg-avg,rac,0.0007920903826287161
rac_all__metal,rac_all,metal,racs_bb-nodes_prop-I_scope-2_propagg-product_corragg-sum_bbagg-avg,rac,0.0007810053125629948
rac_all__metal,rac_all,metal,racs_bb-nodes_prop-I_scope-2_propagg-product_corragg-sum_bbagg-sum,rac,0.0007601482080327732
rac_all__metal,rac_all,metal,racs_bb-nodes_prop-X_scope-1_propagg-product_corragg-avg_bbagg-sum,rac,0.00061714930604503
rac_all__metal,rac_all,metal,racs_bb-nodes_prop-mod_pettifor_scope-1_propagg-product_corragg-avg_bbagg-sum,rac,0.0005883593753912038
rac_all__metal,rac_all,metal,racs_bb-nodes_prop-X_scope-1_propagg-diff_corragg-sum_bbagg-sum,rac,0.0005696105250847414
rac_all__metal,rac_all,metal,racs_bb-nodes_prop-mod_pettifor_scope-1_propagg-diff_corragg-avg_bbagg-sum,rac,0.0005608294220426286
rac_all__metal,rac_all,metal,racs_bb-nodes_prop-T_scope-1_propagg-diff_corragg-avg_bbagg-sum,rac,0.0004961909297380338
rac_all__metal,rac_all,metal,racs_bb-nodes_prop-mod_pettifor_scope-1_propagg-product_corragg-sum_bbagg-sum,rac,0.00035323544283682356
rac_all__metal,rac_all,metal,racs_bb-nodes_prop-X_scope-1_propagg-product_corragg-sum_bbagg-sum,rac,0.0002752247783780295
rac_all__metal,rac_all,metal,racs_bb-nodes_prop-I_scope-2_propagg-product_corragg-avg_bbagg-sum,rac,0.00025993214489932235
rac_all__metal,rac_all,metal,racs_bb-nodes_prop-I_scope-1_propagg-product_corragg-sum_bbagg-sum,rac,0.0002568763690007727
rac_all__metal,rac_all,metal,racs_bb-nodes_prop-I_scope-3_propagg-product_corragg-avg_bbagg-sum,rac,0.0001924120952080624
rac_all__metal,rac_all,metal,racs_bb-nodes_prop-I_scope-1_propagg-product_corragg-avg_bbagg-sum,rac,0.00017031523371638174
rac_all__topology,rac_all,topology,racs_bb-nodes_prop-T_scope-3_propagg-product_corragg-avg_bbagg-avg,rac,0.0663032670156733
rac_all__topology,rac_all,topology,racs_bb-nodes_prop-T_scope-3_propagg-product_corragg-sum_bbagg-avg,rac,0.06503134556430638
rac_all__topology,rac_all,topology,racs_bb-nodes_prop-T_scope-3_propagg-product_corragg-sum_bbagg-sum,rac,0.022285567773869856
rac_all__topology,rac_all,topology,racs_bb-nodes_prop-T_scope-2_propagg-product_corragg-avg_bbagg-avg,rac,0.021060539130847877
rac_all__topology,rac_all,topology,racs_bb-nodes_prop-T_scope-1_propagg-diff_corragg-sum_bbagg-sum,rac,0.02056994129619171
rac_all__topology,rac_all,topology,racs_bb-nodes_prop-T_scope-3_propagg-diff_corragg-avg_bbagg-sum,rac,0.020130576796587685
rac_all__topology,rac_all,topology,racs_bb-nodes_prop-T_scope-3_propagg-product_corragg-avg_bbagg-sum,rac,0.019170522312967946
rac_all__topology,rac_all,topology,racs_bb-nodes_prop-T_scope-3_propagg-diff_corragg-sum_bbagg-sum,rac,0.01701474233675023
rac_all__topology,rac_all,topology,racs_bb-nodes_prop-T_scope-3_propagg-diff_corragg-avg_bbagg-avg,rac,0.01594511599409327
rac_all__topology,rac_all,topology,racs_bb-nodes_prop-T_scope-2_propagg-product_corragg-sum_bbagg-avg,rac,0.01520918958499767
rac_all__topology,rac_all,topology,racs_bb-nodes_prop-T_scope-3_propagg-diff_corragg-sum_bbagg-avg,rac,0.01114643409679314
rac_all__topology,rac_all,topology,racs_bb-nodes_prop-T_scope-2_propagg-diff_corragg-sum_bbagg-avg,rac,0.009176101409233382
rac_all__topology,rac_all,topology,racs_bb-nodes_prop-T_scope-1_propagg-product_corragg-sum_bbagg-sum,rac,0.00916893148767815
rac_all__topology,rac_all,topology,racs_bb-nodes_prop-T_scope-1_propagg-diff_corragg-sum_bbagg-avg,rac,0.00866482722213977
rac_all__topology,rac_all,topology,racs_bb-nodes_prop-T_scope-1_propagg-diff_corragg-avg_bbagg-avg,rac,0.00838216101957893
rac_all__topology,rac_all,topology,racs_bb-nodes_prop-T_scope-2_propagg-diff_corragg-sum_bbagg-sum,rac,0.00829302643844922
rac_all__topology,rac_all,topology,racs_bb-nodes_prop-T_scope-2_propagg-diff_corragg-avg_bbagg-sum,rac,0.008088847415404707
rac_all__topology,rac_all,topology,racs_bb-nodes_prop-T_scope-2_propagg-diff_corragg-avg_bbagg-avg,rac,0.008003063164759383
rac_all__topology,rac_all,topology,racs_bb-nodes_prop-I_scope-3_propagg-product_corragg-sum_bbagg-avg,rac,0.007934913649986922
rac_all__topology,rac_all,topology,racs_bb-nodes_prop-X_scope-3_propagg-diff_corragg-avg_bbagg-sum,rac,0.007620934050971604
rac_all__topology,rac_all,topology,racs_bb-nodes_prop-mod_pettifor_scope-3_propagg-product_corragg-sum_bbagg-avg,rac,0.007440433256867914
rac_all__topology,rac_all,topology,racs_bb-nodes_prop-T_scope-1_propagg-diff_corragg-avg_bbagg-sum,rac,0.006788599208574022
rac_all__topology,rac_all,topology,racs_bb-nodes_prop-mod_pettifor_scope-3_propagg-product_corragg-avg_bbagg-sum,rac,0.006230927636917056
rac_all__topology,rac_all,topology,racs_bb-nodes_prop-X_scope-3_propagg-diff_corragg-avg_bbagg-avg,rac,0.006156788642553112
rac_all__topology,rac_all,topology,racs_bb-nodes_prop-T_scope-2_propagg-product_corragg-avg_bbagg-sum,rac,0.005278732635553113
rac_all__topology,rac_all,topology,racs_bb-nodes_prop-X_scope-2_propagg-diff_corragg-avg_bbagg-sum,rac,0.005254835236950301
rac_all__topology,rac_all,topology,racs_bb-nodes_prop-X_scope-2_propagg-product_corragg-avg_bbagg-sum,rac,0.004921856538457536
rac_all__topology,rac_all,topology,racs_bb-nodes_prop-mod_pettifor_scope-2_propagg-product_corragg-sum_bbagg-avg,rac,0.004444370692659032
rac_all__topology,rac_all,topology,racs_bb-nodes_prop-T_scope-1_propagg-product_corragg-sum_bbagg-avg,rac,0.004414092195134381
rac_all__topology,rac_all,topology,racs_bb-nodes_prop-I_scope-1_propagg-product_corragg-sum_bbagg-avg,rac,0.004168410267729946
rac_all__topology,rac_all,topology,racs_bb-nodes_prop-T_scope-1_propagg-product_corragg-avg_bbagg-sum,rac,0.004123340302691048
rac_all__topology,rac_all,topology,racs_bb-nodes_prop-X_scope-2_propagg-diff_corragg-sum_bbagg-sum,rac,0.004031115279027657
rac_all__topology,rac_all,topology,racs_bb-nodes_prop-X_scope-3_propagg-product_corragg-avg_bbagg-avg,rac,0.0037955396450189676
rac_all__topology,rac_all,topology,racs_bb-nodes_prop-mod_pettifor_scope-1_propagg-product_corragg-sum_bbagg-avg,rac,0.003668147678400985
rac_all__topology,rac_all,topology,racs_bb-nodes_prop-mod_pettifor_scope-3_propagg-diff_corragg-avg_bbagg-sum,rac,0.003656182807978381
rac_all__topology,rac_all,topology,racs_bb-nodes_prop-X_scope-3_propagg-product_corragg-avg_bbagg-sum,rac,0.003522340657010015
rac_all__topology,rac_all,topology,racs_bb-nodes_prop-mod_pettifor_scope-3_propagg-product_corragg-sum_bbagg-sum,rac,0.00339517473420275
rac_all__topology,rac_all,topology,racs_bb-nodes_prop-mod_pettifor_scope-2_propagg-product_corragg-sum_bbagg-sum,rac,0.0033347011544635763
rac_all__topology,rac_all,topology,racs_bb-nodes_prop-X_scope-3_propagg-diff_corragg-sum_bbagg-avg,rac,0.0033303037708922447
rac_all__topology,rac_all,topology,racs_bb-nodes_prop-mod_pettifor_scope-1_propagg-product_corragg-sum_bbagg-sum,rac,0.0032725854512924766
rac_all__topology,rac_all,topology,racs_bb-nodes_prop-X_scope-3_propagg-diff_corragg-sum_bbagg-sum,rac,0.0032589685844397667
rac_all__topology,rac_all,topology,racs_bb-nodes_prop-X_scope-1_propagg-product_corragg-sum_bbagg-avg,rac,0.003227731063328541
rac_all__topology,rac_all,topology,racs_bb-nodes_prop-mod_pettifor_scope-1_propagg-product_corragg-avg_bbagg-avg,rac,0.0031902113375387453
rac_all__topology,rac_all,topology,racs_bb-nodes_prop-mod_pettifor_scope-2_propagg-product_corragg-avg_bbagg-sum,rac,0.0030283277701006954
rac_all__topology,rac_all,topology,racs_bb-nodes_prop-X_scope-3_propagg-product_corragg-sum_bbagg-avg,rac,0.00300823376650715
rac_all__topology,rac_all,topology,racs_bb-nodes_prop-T_scope-1_propagg-product_corragg-avg_bbagg-avg,rac,0.0029929376555395955
rac_all__topology,rac_all,topology,racs_bb-nodes_prop-mod_pettifor_scope-3_propagg-diff_corragg-avg_bbagg-avg,rac,0.002918383356534887
rac_all__topology,rac_all,topology,racs_bb-nodes_prop-X_scope-2_propagg-diff_corragg-sum_bbagg-avg,rac,0.0028849072723359246
rac_all__topology,rac_all,topology,racs_bb-nodes_prop-X_scope-2_propagg-diff_corragg-avg_bbagg-avg,rac,0.0028528935305992295
rac_all__topology,rac_all,topology,racs_bb-nodes_prop-mod_pettifor_scope-3_propagg-product_corragg-avg_bbagg-avg,rac,0.002843733283748242
rac_all__topology,rac_all,topology,racs_bb-nodes_prop-mod_pettifor_scope-3_propagg-diff_corragg-sum_bbagg-avg,rac,0.0027277806987168795
rac_all__topology,rac_all,topology,racs_bb-nodes_prop-I_scope-2_propagg-product_corragg-sum_bbagg-avg,rac,0.002632153072628457
rac_all__topology,rac_all,topology,racs_bb-nodes_prop-mod_pettifor_scope-2_propagg-diff_corragg-sum_bbagg-sum,rac,0.002529269187493314
rac_all__topology,rac_all,topology,racs_bb-nodes_prop-X_scope-2_propagg-product_corragg-sum_bbagg-avg,rac,0.002529140162255535
rac_all__topology,rac_all,topology,racs_bb-nodes_prop-X_scope-1_propagg-diff_corragg-sum_bbagg-avg,rac,0.0024285672371906065
rac_all__topology,rac_all,topology,racs_bb-nodes_prop-T_scope-2_propagg-product_corragg-sum_bbagg-sum,rac,0.0024277595046183877
rac_all__topology,rac_all,topology,racs_bb-nodes_prop-X_scope-2_propagg-product_corragg-avg_bbagg-avg,rac,0.002351311295914624
rac_all__topology,rac_all,topology,racs_bb-nodes_prop-mod_pettifor_scope-2_propagg-diff_corragg-avg_bbagg-sum,rac,0.002342015178285336
rac_all__topology,rac_all,topology,racs_bb-nodes_prop-X_scope-1_propagg-diff_corragg-avg_bbagg-avg,rac,0.0023146595095900942
rac_all__topology,rac_all,topology,racs_bb-nodes_prop-mod_pettifor_scope-3_propagg-diff_corragg-sum_bbagg-sum,rac,0.0022539063463670505
rac_all__topology,rac_all,topology,racs_bb-nodes_prop-X_scope-1_propagg-product_corragg-avg_bbagg-avg,rac,0.002250711721462876
rac_all__topology,rac_all,topology,racs_bb-nodes_prop-X_scope-3_propagg-product_corragg-sum_bbagg-sum,rac,0.002194787115869891
rac_all__topology,rac_all,topology,racs_bb-nodes_prop-I_scope-2_propagg-product_corragg-sum_bbagg-sum,rac,0.0020434225906867855
rac_all__topology,rac_all,topology,racs_bb-nodes_prop-mod_pettifor_scope-1_propagg-product_corragg-avg_bbagg-sum,rac,0.0018957387449097716
rac_all__topology,rac_all,topology,racs_bb-nodes_prop-mod_pettifor_scope-2_propagg-product_corragg-avg_bbagg-avg,rac,0.0018863038829884714
rac_all__topology,rac_all,topology,racs_bb-nodes_prop-I_scope-3_propagg-product_corragg-sum_bbagg-sum,rac,0.0017916606764832633
rac_all__topology,rac_all,topology,racs_bb-nodes_prop-mod_pettifor_scope-2_propagg-diff_corragg-sum_bbagg-avg,rac,0.0017203456015464627
rac_all__topology,rac_all,topology,racs_bb-nodes_prop-X_scope-2_propagg-product_corragg-sum_bbagg-sum,rac,0.0017189606341163877
rac_all__topology,rac_all,topology,racs_bb-nodes_prop-mod_pettifor_scope-1_propagg-diff_corragg-sum_bbagg-avg,rac,0.0016588515276800724
rac_all__topology,rac_all,topology,racs_bb-nodes_prop-mod_pettifor_scope-1_propagg-diff_corragg-avg_bbagg-avg,rac,0.0016142869431143866
rac_all__topology,rac_all,topology,racs_bb-nodes_prop-mod_pettifor_scope-1_propagg-diff_corragg-avg_bbagg-sum,rac,0.0014090825506407818
rac_all__topology,rac_all,topology,racs_bb-nodes_prop-mod_pettifor_scope-1_propagg-diff_corragg-sum_bbagg-sum,rac,0.00132425671680984
rac_all__topology,rac_all,topology,racs_bb-nodes_prop-mod_pettifor_scope-2_propagg-diff_corragg-avg_bbagg-avg,rac,0.0011755272053498552
rac_all__topology,rac_all,topology,racs_bb-nodes_prop-I_scope-3_propagg-product_corragg-avg_bbagg-sum,rac,0.0011419976077843715
rac_all__topology,rac_all,topology,racs_bb-nodes_prop-X_scope-1_propagg-diff_corragg-sum_bbagg-sum,rac,0.0011202259950749258
rac_all__topology,rac_all,topology,racs_bb-nodes_prop-I_scope-1_propagg-product_corragg-sum_bbagg-sum,rac,0.0010397474145219514
rac_all__topology,rac_all,topology,racs_bb-nodes_prop-X_scope-1_propagg-product_corragg-avg_bbagg-sum,rac,0.0009810230750825172
rac_all__topology,rac_all,topology,racs_bb-nodes_prop-X_scope-1_propagg-product_corragg-sum_bbagg-sum,rac,0.0008826700123052317
rac_all__topology,rac_all,topology,racs_bb-nodes_prop-X_scope-1_propagg-diff_corragg-avg_bbagg-sum,rac,0.0004688924999453641
rac_all__topology,rac_all,topology,racs_bb-nodes_prop-I_scope-1_propagg-product_corragg-avg_bbagg-sum,rac,0.00046204259012804064
rac_all__topology,rac_all,topology,racs_bb-nodes_prop-I_scope-2_propagg-product_corragg-avg_bbagg-sum,rac,0.00032878500603671096
combined_decorr__random,combined_decorr,random,density_g_cm3,geo,0.1707403871500391
combined_decorr__random,combined_decorr,random,void_fraction,geo,0.1645021822032879
combined_decorr__random,combined_decorr,random,pld,geo,0.1536876605497135
combined_decorr__random,combined_decorr,random,surface_area_m2g,geo,0.1116622594811203
combined_decorr__random,combined_decorr,random,surface_area_m2cm3,geo,0.09077590941687066
combined_decorr__random,combined_decorr,random,racs_bb-nodes_prop-T_scope-3_propagg-product_corragg-avg_bbagg-avg,rac,0.05641571377892115
combined_decorr__random,combined_decorr,random,racs_bb-nodes_prop-T_scope-3_propagg-product_corragg-avg_bbagg-sum,rac,0.03315333669914946
combined_decorr__random,combined_decorr,random,racs_bb-nodes_prop-T_scope-2_propagg-product_corragg-avg_bbagg-avg,rac,0.03290348464371624
combined_decorr__random,combined_decorr,random,racs_bb-nodes_prop-T_scope-3_propagg-diff_corragg-avg_bbagg-avg,rac,0.02667960760878601
combined_decorr__random,combined_decorr,random,racs_bb-nodes_prop-T_scope-1_propagg-diff_corragg-avg_bbagg-avg,rac,0.00901920533743698
combined_decorr__random,combined_decorr,random,racs_bb-nodes_prop-X_scope-3_propagg-diff_corragg-sum_bbagg-avg,rac,0.006295274443295203
combined_decorr__random,combined_decorr,random,racs_bb-nodes_prop-mod_pettifor_scope-2_propagg-product_corragg-sum_bbagg-avg,rac,0.004378137477275249
combined_decorr__random,combined_decorr,random,racs_bb-nodes_prop-mod_pettifor_scope-3_propagg-diff_corragg-sum_bbagg-avg,rac,0.004166256468709166
combined_decorr__random,combined_decorr,random,racs_bb-nodes_prop-T_scope-2_propagg-diff_corragg-sum_bbagg-avg,rac,0.0037618625613707883
combined_decorr__random,combined_decorr,random,racs_bb-nodes_prop-T_scope-2_propagg-diff_corragg-avg_bbagg-avg,rac,0.003754302376482659
combined_decorr__random,combined_decorr,random,racs_bb-nodes_prop-mod_pettifor_scope-3_propagg-product_corragg-sum_bbagg-avg,rac,0.00349263076617805
combined_decorr__random,combined_decorr,random,racs_bb-nodes_prop-mod_pettifor_scope-2_propagg-product_corragg-sum_bbagg-sum,rac,0.003487040263964582
combined_decorr__random,combined_decorr,random,racs_bb-nodes_prop-T_scope-2_propagg-product_corragg-sum_bbagg-avg,rac,0.0031251732014017848
combined_decorr__random,combined_decorr,random,racs_bb-nodes_prop-X_scope-3_propagg-product_corragg-avg_bbagg-avg,rac,0.002893770883150431
combined_decorr__random,combined_decorr,random,racs_bb-nodes_prop-X_scope-2_propagg-product_corragg-avg_bbagg-avg,rac,0.0028172378645769016
combined_decorr__random,combined_decorr,random,racs_bb-nodes_prop-mod_pettifor_scope-2_propagg-diff_corragg-avg_bbagg-avg,rac,0.0026727811246612726
combined_decorr__random,combined_decorr,random,racs_bb-nodes_prop-X_scope-3_propagg-product_corragg-sum_bbagg-avg,rac,0.0025891543341611946
combined_decorr__random,combined_decorr,random,racs_bb-nodes_prop-X_scope-2_propagg-diff_corragg-avg_bbagg-avg,rac,0.002541874327753434
combined_decorr__random,combined_decorr,random,racs_bb-nodes_prop-T_scope-2_propagg-product_corragg-sum_bbagg-sum,rac,0.002482302424669655
combined_decorr__random,combined_decorr,random,racs_bb-nodes_prop-X_scope-2_propagg-product_corragg-avg_bbagg-sum,rac,0.00221024418536642
combined_decorr__random,combined_decorr,random,racs_bb-nodes_prop-X_scope-2_propagg-product_corragg-sum_bbagg-avg,rac,0.002053591099242953
combined_decorr__random,combined_decorr,random,racs_bb-nodes_prop-T_scope-2_propagg-diff_corragg-avg_bbagg-sum,rac,0.0020211073089140556
combined_decorr__random,combined_decorr,random,racs_bb-nodes_prop-T_scope-2_propagg-diff_corragg-sum_bbagg-sum,rac,0.0019566270834792524
combined_decorr__random,combined_decorr,random,racs_bb-nodes_prop-mod_pettifor_scope-1_propagg-product_corragg-avg_bbagg-sum,rac,0.0018794633097127143
combined_decorr__random,combined_decorr,random,racs_bb-nodes_prop-X_scope-2_propagg-diff_corragg-avg_bbagg-sum,rac,0.0018184414428969173
combined_decorr__random,combined_decorr,random,racs_bb-nodes_prop-mod_pettifor_scope-2_propagg-product_corragg-avg_bbagg-avg,rac,0.0015860009079043647
combined_decorr__random,combined_decorr,random,racs_bb-nodes_prop-X_scope-1_propagg-diff_corragg-avg_bbagg-avg,rac,0.0015731236889497116
combined_decorr__random,combined_decorr,random,racs_bb-nodes_prop-X_scope-1_propagg-product_corragg-sum_bbagg-avg,rac,0.0011086215443723284
combined_decorr__random,combined_decorr,random,racs_bb-nodes_prop-mod_pettifor_scope-1_propagg-product_corragg-sum_bbagg-avg,rac,0.001090684947426434
combined_decorr__random,combined_decorr,random,racs_bb-nodes_prop-X_scope-2_propagg-diff_corragg-sum_bbagg-avg,rac,0.00107898883805402
combined_decorr__random,combined_decorr,random,racs_bb-nodes_prop-mod_pettifor_scope-2_propagg-diff_corragg-avg_bbagg-sum,rac,0.0010458015570784832
combined_decorr__random,combined_decorr,random,racs_bb-nodes_prop-T_scope-1_propagg-product_corragg-avg_bbagg-avg,rac,0.0009492298973933895
combined_decorr__random,combined_decorr,random,racs_bb-nodes_prop-X_scope-2_propagg-diff_corragg-sum_bbagg-sum,rac,0.0009074856151055765
combined_decorr__random,combined_decorr,random,racs_bb-nodes_prop-mod_pettifor_scope-2_propagg-diff_corragg-sum_bbagg-avg,rac,0.0007834144426758358
combined_decorr__random,combined_decorr,random,racs_bb-nodes_prop-mod_pettifor_scope-2_propagg-diff_corragg-sum_bbagg-sum,rac,0.0007582469571734988
combined_decorr__random,combined_decorr,random,racs_bb-nodes_prop-mod_pettifor_scope-1_propagg-diff_corragg-sum_bbagg-sum,rac,0.0006269811945588435
combined_decorr__random,combined_decorr,random,racs_bb-nodes_prop-I_scope-3_propagg-product_corragg-sum_bbagg-avg,rac,0.0006123776917251511
combined_decorr__random,combined_decorr,random,racs_bb-nodes_prop-I_scope-1_propagg-product_corragg-sum_bbagg-avg,rac,0.0004986853134631094
combined_decorr__random,combined_decorr,random,racs_bb-nodes_prop-X_scope-1_propagg-diff_corragg-avg_bbagg-sum,rac,0.00048531191816773573
combined_decorr__random,combined_decorr,random,racs_bb-nodes_prop-mod_pettifor_scope-1_propagg-diff_corragg-avg_bbagg-sum,rac,0.0004281270575125594
combined_decorr__random,combined_decorr,random,racs_bb-nodes_prop-X_scope-1_propagg-diff_corragg-sum_bbagg-avg,rac,0.00041291913094960097
combined_decorr__random,combined_decorr,random,racs_bb-nodes_prop-X_scope-1_propagg-product_corragg-avg_bbagg-avg,rac,0.0003541182685712269
combined_decorr__random,combined_decorr,random,racs_bb-nodes_prop-I_scope-2_propagg-product_corragg-sum_bbagg-sum,rac,0.00032831801866396585
combined_decorr__random,combined_decorr,random,racs_bb-nodes_prop-mod_pettifor_scope-1_propagg-diff_corragg-avg_bbagg-avg,rac,0.00032137536412055515
combined_decorr__random,combined_decorr,random,racs_bb-nodes_prop-I_scope-2_propagg-product_corragg-sum_bbagg-avg,rac,0.00021703597541761799
combined_decorr__metal,combined_decorr,metal,density_g_cm3,geo,0.1615164392324797
combined_decorr__metal,combined_decorr,metal,void_fraction,geo,0.14647195472507868
combined_decorr__metal,combined_decorr,metal,pld,geo,0.12718513483436444
combined_decorr__metal,combined_decorr,metal,surface_area_m2g,geo,0.10978677281350126
combined_decorr__metal,combined_decorr,metal,surface_area_m2cm3,geo,0.07354209529711364
combined_decorr__metal,combined_decorr,metal,racs_bb-nodes_prop-T_scope-3_propagg-product_corragg-avg_bbagg-avg,rac,0.06771431016392641
combined_decorr__metal,combined_decorr,metal,racs_bb-nodes_prop-T_scope-3_propagg-diff_corragg-avg_bbagg-avg,rac,0.028971770474915733
combined_decorr__metal,combined_decorr,metal,racs_bb-nodes_prop-T_scope-3_propagg-product_corragg-avg_bbagg-sum,rac,0.028585143342157088
combined_decorr__metal,combined_decorr,metal,racs_bb-nodes_prop-T_scope-2_propagg-product_corragg-avg_bbagg-avg,rac,0.020927599004806383
combined_decorr__metal,combined_decorr,metal,racs_bb-nodes_prop-T_scope-1_propagg-diff_corragg-avg_bbagg-avg,rac,0.010168196977052157
combined_decorr__metal,combined_decorr,metal,racs_bb-nodes_prop-X_scope-2_propagg-diff_corragg-avg_bbagg-sum,rac,0.0074151625922433675
combined_decorr__metal,combined_decorr,metal,racs_bb-nodes_prop-mod_pettifor_scope-3_propagg-diff_corragg-sum_bbagg-avg,rac,0.006736299336495372
combined_decorr__metal,combined_decorr,metal,racs_bb-nodes_prop-X_scope-3_propagg-product_corragg-avg_bbagg-avg,rac,0.006196793952429545
combined_decorr__metal,combined_decorr,metal,racs_bb-nodes_prop-T_scope-2_propagg-diff_corragg-sum_bbagg-avg,rac,0.006074317424149779
combined_decorr__metal,combined_decorr,metal,racs_bb-nodes_prop-T_scope-2_propagg-diff_corragg-avg_bbagg-avg,rac,0.005282122512001271
combined_decorr__metal,combined_decorr,metal,racs_bb-nodes_prop-X_scope-3_propagg-diff_corragg-sum_bbagg-avg,rac,0.005174508489563389
combined_decorr__metal,combined_decorr,metal,racs_bb-nodes_prop-mod_pettifor_scope-2_propagg-product_corragg-sum_bbagg-avg,rac,0.0047428840880735035
combined_decorr__metal,combined_decorr,metal,racs_bb-nodes_prop-mod_pettifor_scope-2_propagg-diff_corragg-sum_bbagg-sum,rac,0.003699455282288706
combined_decorr__metal,combined_decorr,metal,racs_bb-nodes_prop-X_scope-3_propagg-product_corragg-sum_bbagg-avg,rac,0.0036797730130318372
combined_decorr__metal,combined_decorr,metal,racs_bb-nodes_prop-mod_pettifor_scope-2_propagg-product_corragg-sum_bbagg-sum,rac,0.003371051046590831
combined_decorr__metal,combined_decorr,metal,racs_bb-nodes_prop-mod_pettifor_scope-3_propagg-product_corragg-sum_bbagg-avg,rac,0.003264552397481121
combined_decorr__metal,combined_decorr,metal,racs_bb-nodes_prop-mod_pettifor_scope-2_propagg-diff_corragg-avg_bbagg-avg,rac,0.0030159954730834236
combined_decorr__metal,combined_decorr,metal,racs_bb-nodes_prop-X_scope-2_propagg-diff_corragg-sum_bbagg-sum,rac,0.0029773441483969595
combined_decorr__metal,combined_decorr,metal,racs_bb-nodes_prop-mod_pettifor_scope-2_propagg-diff_corragg-sum_bbagg-avg,rac,0.0025435148194238397
combined_decorr__metal,combined_decorr,metal,racs_bb-nodes_prop-X_scope-2_propagg-product_corragg-sum_bbagg-avg,rac,0.0023946558027215918
combined_decorr__metal,combined_decorr,metal,racs_bb-nodes_prop-mod_pettifor_scope-1_propagg-diff_corragg-avg_bbagg-avg,rac,0.0022780268563535244
combined_decorr__metal,combined_decorr,metal,racs_bb-nodes_prop-X_scope-2_propagg-product_corragg-avg_bbagg-avg,rac,0.001995570643220372
combined_decorr__metal,combined_decorr,metal,racs_bb-nodes_prop-X_scope-2_propagg-product_corragg-avg_bbagg-sum,rac,0.0018933984426115795
combined_decorr__metal,combined_decorr,metal,racs_bb-nodes_prop-X_scope-2_propagg-diff_corragg-avg_bbagg-avg,rac,0.0016757919026981964
combined_decorr__metal,combined_decorr,metal,racs_bb-nodes_prop-T_scope-2_propagg-diff_corragg-sum_bbagg-sum,rac,0.0015877485465962604
combined_decorr__metal,combined_decorr,metal,racs_bb-nodes_prop-X_scope-1_propagg-product_corragg-avg_bbagg-avg,rac,0.0015694894157505695
combined_decorr__metal,combined_decorr,metal,racs_bb-nodes_prop-mod_pettifor_scope-1_propagg-product_corragg-avg_bbagg-sum,rac,0.0015304226763038626
combined_decorr__metal,combined_decorr,metal,racs_bb-nodes_prop-mod_pettifor_scope-2_propagg-product_corragg-avg_bbagg-avg,rac,0.001450850209777012
combined_decorr__metal,combined_decorr,metal,racs_bb-nodes_prop-T_scope-2_propagg-product_corragg-sum_bbagg-avg,rac,0.0014369547247456444
combined_decorr__metal,combined_decorr,metal,racs_bb-nodes_prop-T_scope-2_propagg-diff_corragg-avg_bbagg-sum,rac,0.0013959968048431431
combined_decorr__metal,combined_decorr,metal,racs_bb-nodes_prop-T_scope-1_propagg-product_corragg-avg_bbagg-avg,rac,0.001355412771877321
combined_decorr__metal,combined_decorr,metal,racs_bb-nodes_prop-T_scope-2_propagg-product_corragg-sum_bbagg-sum,rac,0.0013050820719011738
combined_decorr__metal,combined_decorr,metal,racs_bb-nodes_prop-mod_pettifor_scope-2_propagg-diff_corragg-avg_bbagg-sum,rac,0.0012422593660766684
combined_decorr__metal,combined_decorr,metal,racs_bb-nodes_prop-X_scope-2_propagg-diff_corragg-sum_bbagg-avg,rac,0.001074158159183698
combined_decorr__metal,combined_decorr,metal,racs_bb-nodes_prop-X_scope-1_propagg-diff_corragg-sum_bbagg-avg,rac,0.0009960515828999084
combined_decorr__metal,combined_decorr,metal,racs_bb-nodes_prop-I_scope-1_propagg-product_corragg-sum_bbagg-avg,rac,0.0007209922759020804
combined_decorr__metal,combined_decorr,metal,racs_bb-nodes_prop-X_scope-1_propagg-diff_corragg-avg_bbagg-sum,rac,0.0007047162030569595
combined_decorr__metal,combined_decorr,metal,racs_bb-nodes_prop-mod_pettifor_scope-1_propagg-diff_corragg-sum_bbagg-sum,rac,0.0006650752604020038
combined_decorr__metal,combined_decorr,metal,racs_bb-nodes_prop-mod_pettifor_scope-1_propagg-product_corragg-sum_bbagg-avg,rac,0.0006639629954988608
combined_decorr__metal,combined_decorr,metal,racs_bb-nodes_prop-X_scope-1_propagg-diff_corragg-avg_bbagg-avg,rac,0.0006405604897111286
combined_decorr__metal,combined_decorr,metal,racs_bb-nodes_prop-X_scope-1_propagg-product_corragg-sum_bbagg-avg,rac,0.0005736842540446268
combined_decorr__metal,combined_decorr,metal,racs_bb-nodes_prop-I_scope-3_propagg-product_corragg-sum_bbagg-avg,rac,0.0005098731147318866
combined_decorr__metal,combined_decorr,metal,racs_bb-nodes_prop-mod_pettifor_scope-1_propagg-diff_corragg-avg_bbagg-sum,rac,0.00044588163891041635
combined_decorr__metal,combined_decorr,metal,racs_bb-nodes_prop-I_scope-2_propagg-product_corragg-sum_bbagg-sum,rac,0.00040235812445769004
combined_decorr__metal,combined_decorr,metal,racs_bb-nodes_prop-I_scope-2_propagg-product_corragg-sum_bbagg-avg,rac,0.00018552038594694576
combined_decorr__topology,combined_decorr,topology,density_g_cm3,geo,0.2820140890515159
combined_decorr__topology,combined_decorr,topology,void_fraction,geo,0.23445532345536624
combined_decorr__topology,combined_decorr,topology,surface_area_m2g,geo,0.13722141555102493
combined_decorr__topology,combined_decorr,topology,pld,geo,0.08930260969750527
combined_decorr__topology,combined_decorr,topology,surface_area_m2cm3,geo,0.08716544981577513
combined_decorr__topology,combined_decorr,topology,racs_bb-nodes_prop-T_scope-3_propagg-product_corragg-avg_bbagg-avg,rac,0.07367919245572353
combined_decorr__topology,combined_decorr,topology,racs_bb-nodes_prop-T_scope-2_propagg-product_corragg-avg_bbagg-avg,rac,0.03861328925609791
combined_decorr__topology,combined_decorr,topology,racs_bb-nodes_prop-T_scope-3_propagg-product_corragg-avg_bbagg-sum,rac,0.03622418440168304
combined_decorr__topology,combined_decorr,topology,racs_bb-nodes_prop-T_scope-3_propagg-diff_corragg-avg_bbagg-avg,rac,0.034214387566893774
combined_decorr__topology,combined_decorr,topology,racs_bb-nodes_prop-T_scope-1_propagg-diff_corragg-avg_bbagg-avg,rac,0.01619479466067884
combined_decorr__topology,combined_decorr,topology,racs_bb-nodes_prop-X_scope-3_propagg-product_corragg-avg_bbagg-avg,rac,0.005614154515679551
combined_decorr__topology,combined_decorr,topology,racs_bb-nodes_prop-mod_pettifor_scope-2_propagg-product_corragg-sum_bbagg-avg,rac,0.0045860011327367705
combined_decorr__topology,combined_decorr,topology,racs_bb-nodes_prop-X_scope-3_propagg-diff_corragg-sum_bbagg-avg,rac,0.00418895888099402
combined_decorr__topology,combined_decorr,topology,racs_bb-nodes_prop-X_scope-2_propagg-product_corragg-avg_bbagg-avg,rac,0.003676982615214695
combined_decorr__topology,combined_decorr,topology,racs_bb-nodes_prop-T_scope-2_propagg-diff_corragg-avg_bbagg-sum,rac,0.00341603469535909
combined_decorr__topology,combined_decorr,topology,racs_bb-nodes_prop-mod_pettifor_scope-2_propagg-product_corragg-sum_bbagg-sum,rac,0.003338281665388293
combined_decorr__topology,combined_decorr,topology,racs_bb-nodes_prop-X_scope-2_propagg-diff_corragg-avg_bbagg-sum,rac,0.0030472614319275513
combined_decorr__topology,combined_decorr,topology,racs_bb-nodes_prop-T_scope-2_propagg-product_corragg-sum_bbagg-avg,rac,0.003012248945741459
combined_decorr__topology,combined_decorr,topology,racs_bb-nodes_prop-mod_pettifor_scope-3_propagg-product_corragg-sum_bbagg-avg,rac,0.002983270579286192
combined_decorr__topology,combined_decorr,topology,racs_bb-nodes_prop-T_scope-2_propagg-diff_corragg-avg_bbagg-avg,rac,0.0029355913122603616
combined_decorr__topology,combined_decorr,topology,racs_bb-nodes_prop-T_scope-2_propagg-diff_corragg-sum_bbagg-avg,rac,0.0027957563045250605
combined_decorr__topology,combined_decorr,topology,racs_bb-nodes_prop-T_scope-2_propagg-diff_corragg-sum_bbagg-sum,rac,0.0026968530364557047
combined_decorr__topology,combined_decorr,topology,racs_bb-nodes_prop-mod_pettifor_scope-1_propagg-product_corragg-avg_bbagg-sum,rac,0.0024834871374113518
combined_decorr__topology,combined_decorr,topology,racs_bb-nodes_prop-X_scope-2_propagg-diff_corragg-avg_bbagg-avg,rac,0.0024807069480840263
combined_decorr__topology,combined_decorr,topology,racs_bb-nodes_prop-mod_pettifor_scope-2_propagg-diff_corragg-avg_bbagg-avg,rac,0.002347749062107037
combined_decorr__topology,combined_decorr,topology,racs_bb-nodes_prop-mod_pettifor_scope-3_propagg-diff_corragg-sum_bbagg-avg,rac,0.0023134886290779506
combined_decorr__topology,combined_decorr,topology,racs_bb-nodes_prop-X_scope-3_propagg-product_corragg-sum_bbagg-avg,rac,0.0021647840879579815
combined_decorr__topology,combined_decorr,topology,racs_bb-nodes_prop-mod_pettifor_scope-2_propagg-diff_corragg-avg_bbagg-sum,rac,0.0021269798837309077
combined_decorr__topology,combined_decorr,topology,racs_bb-nodes_prop-X_scope-2_propagg-product_corragg-sum_bbagg-avg,rac,0.0020925832814955793
combined_decorr__topology,combined_decorr,topology,racs_bb-nodes_prop-X_scope-1_propagg-product_corragg-sum_bbagg-avg,rac,0.0018744860736986959
combined_decorr__topology,combined_decorr,topology,racs_bb-nodes_prop-T_scope-1_propagg-product_corragg-avg_bbagg-avg,rac,0.0016514960641140395
combined_decorr__topology,combined_decorr,topology,racs_bb-nodes_prop-mod_pettifor_scope-2_propagg-product_corragg-avg_bbagg-avg,rac,0.0016240403260268735
combined_decorr__topology,combined_decorr,topology,racs_bb-nodes_prop-X_scope-2_propagg-product_corragg-avg_bbagg-sum,rac,0.001609314065987896
combined_decorr__topology,combined_decorr,topology,racs_bb-nodes_prop-T_scope-2_propagg-product_corragg-sum_bbagg-sum,rac,0.0014577472888584726
combined_decorr__topology,combined_decorr,topology,racs_bb-nodes_prop-mod_pettifor_scope-2_propagg-diff_corragg-sum_bbagg-avg,rac,0.0011854954467694064
combined_decorr__topology,combined_decorr,topology,racs_bb-nodes_prop-I_scope-1_propagg-product_corragg-sum_bbagg-avg,rac,0.0010806700859604624
combined_decorr__topology,combined_decorr,topology,racs_bb-nodes_prop-mod_pettifor_scope-1_propagg-product_corragg-sum_bbagg-avg,rac,0.001031233852827773
combined_decorr__topology,combined_decorr,topology,racs_bb-nodes_prop-X_scope-2_propagg-diff_corragg-sum_bbagg-sum,rac,0.0009992649508286616
combined_decorr__topology,combined_decorr,topology,racs_bb-nodes_prop-mod_pettifor_scope-1_propagg-diff_corragg-sum_bbagg-sum,rac,0.0009479530259302127
combined_decorr__topology,combined_decorr,topology,racs_bb-nodes_prop-mod_pettifor_scope-2_propagg-diff_corragg-sum_bbagg-sum,rac,0.0009182227984044245
combined_decorr__topology,combined_decorr,topology,racs_bb-nodes_prop-X_scope-1_propagg-diff_corragg-sum_bbagg-avg,rac,0.0008059261422559372
combined_decorr__topology,combined_decorr,topology,racs_bb-nodes_prop-X_scope-1_propagg-diff_corragg-avg_bbagg-avg,rac,0.0007782071089638369
combined_decorr__topology,combined_decorr,topology,racs_bb-nodes_prop-mod_pettifor_scope-1_propagg-diff_corragg-avg_bbagg-sum,rac,0.000702951842226189
combined_decorr__topology,combined_decorr,topology,racs_bb-nodes_prop-X_scope-1_propagg-product_corragg-avg_bbagg-avg,rac,0.000666462825176003
combined_decorr__topology,combined_decorr,topology,racs_bb-nodes_prop-X_scope-2_propagg-diff_corragg-sum_bbagg-avg,rac,0.0006573380608933968
combined_decorr__topology,combined_decorr,topology,racs_bb-nodes_prop-X_scope-1_propagg-diff_corragg-avg_bbagg-sum,rac,0.0006388222719096687
combined_decorr__topology,combined_decorr,topology,racs_bb-nodes_prop-I_scope-3_propagg-product_corragg-sum_bbagg-avg,rac,0.00048148163172114097
combined_decorr__topology,combined_decorr,topology,racs_bb-nodes_prop-mod_pettifor_scope-1_propagg-diff_corragg-avg_bbagg-avg,rac,0.0003536102808165889
combined_decorr__topology,combined_decorr,topology,racs_bb-nodes_prop-I_scope-2_propagg-product_corragg-sum_bbagg-sum,rac,0.00022756399781777889
combined_decorr__topology,combined_decorr,topology,racs_bb-nodes_prop-I_scope-2_propagg-product_corragg-sum_bbagg-avg,rac,0.00017812276939227538
combined_all__random,combined_all,random,density_g_cm3,geo,0.21087620660570427
combined_all__random,combined_all,random,void_fraction,geo,0.18107924427910504
combined_all__random,combined_all,random,lcd,geo,0.0953182032881527
combined_all__random,combined_all,random,surface_area_m2g,geo,0.08420195521420087
combined_all__random,combined_all,random,pld,geo,0.08373719567572284
combined_all__random,combined_all,random,surface_area_m2cm3,geo,0.08219321156445522
combined_all__random,combined_all,random,racs_bb-nodes_prop-T_scope-3_propagg-product_corragg-sum_bbagg-avg,rac,0.03965866402667401
combined_all__random,combined_all,random,racs_bb-nodes_prop-T_scope-3_propagg-product_corragg-avg_bbagg-avg,rac,0.029293951150369785
combined_all__random,combined_all,random,racs_bb-nodes_prop-T_scope-2_propagg-product_corragg-avg_bbagg-sum,rac,0.02472244057763166
combined_all__random,combined_all,random,racs_bb-nodes_prop-T_scope-3_propagg-product_corragg-avg_bbagg-sum,rac,0.021024120160160555
combined_all__random,combined_all,random,racs_bb-nodes_prop-T_scope-3_propagg-product_corragg-sum_bbagg-sum,rac,0.017229105661170165
combined_all__random,combined_all,random,racs_bb-nodes_prop-T_scope-3_propagg-diff_corragg-avg_bbagg-sum,rac,0.011028283284126679
combined_all__random,combined_all,random,racs_bb-nodes_prop-T_scope-3_propagg-diff_corragg-avg_bbagg-avg,rac,0.010780483425440215
combined_all__random,combined_all,random,racs_bb-nodes_prop-T_scope-3_propagg-diff_corragg-sum_bbagg-avg,rac,0.008394866887487036
combined_all__random,combined_all,random,racs_bb-nodes_prop-T_scope-3_propagg-diff_corragg-sum_bbagg-sum,rac,0.0082887433374811
combined_all__random,combined_all,random,racs_bb-nodes_prop-T_scope-2_propagg-product_corragg-avg_bbagg-avg,rac,0.008079527218790638
combined_all__random,combined_all,random,racs_bb-nodes_prop-T_scope-1_propagg-diff_corragg-avg_bbagg-avg,rac,0.005932728728426941
combined_all__random,combined_all,random,racs_bb-nodes_prop-T_scope-2_propagg-diff_corragg-avg_bbagg-avg,rac,0.005163749626398778
combined_all__random,combined_all,random,racs_bb-nodes_prop-mod_pettifor_scope-3_propagg-product_corragg-avg_bbagg-avg,rac,0.003709946910713695
combined_all__random,combined_all,random,racs_bb-nodes_prop-mod_pettifor_scope-2_propagg-product_corragg-sum_bbagg-avg,rac,0.003472369672145313
combined_all__random,combined_all,random,racs_bb-nodes_prop-T_scope-2_propagg-diff_corragg-sum_bbagg-avg,rac,0.0029143966938166683
combined_all__random,combined_all,random,racs_bb-nodes_prop-T_scope-1_propagg-diff_corragg-sum_bbagg-avg,rac,0.0028286775642372168
combined_all__random,combined_all,random,racs_bb-nodes_prop-X_scope-3_propagg-diff_corragg-sum_bbagg-avg,rac,0.002807841384313724
combined_all__random,combined_all,random,racs_bb-nodes_prop-mod_pettifor_scope-3_propagg-diff_corragg-sum_bbagg-sum,rac,0.002756725456122873
combined_all__random,combined_all,random,racs_bb-nodes_prop-mod_pettifor_scope-3_propagg-diff_corragg-avg_bbagg-sum,rac,0.002601236218384918
combined_all__random,combined_all,random,racs_bb-nodes_prop-mod_pettifor_scope-3_propagg-product_corragg-avg_bbagg-sum,rac,0.002590392144626305
combined_all__random,combined_all,random,racs_bb-nodes_prop-X_scope-3_propagg-diff_corragg-avg_bbagg-avg,rac,0.0023823358196351143
combined_all__random,combined_all,random,racs_bb-nodes_prop-X_scope-3_propagg-diff_corragg-sum_bbagg-sum,rac,0.002334804439837563
combined_all__random,combined_all,random,racs_bb-nodes_prop-X_scope-3_propagg-diff_corragg-avg_bbagg-sum,rac,0.0021572825103220446
combined_all__random,combined_all,random,racs_bb-nodes_prop-mod_pettifor_scope-3_propagg-diff_corragg-sum_bbagg-avg,rac,0.0020687303599634397
combined_all__random,combined_all,random,racs_bb-nodes_prop-mod_pettifor_scope-2_propagg-product_corragg-avg_bbagg-sum,rac,0.001988389221843677
combined_all__random,combined_all,random,racs_bb-nodes_prop-X_scope-3_propagg-product_corragg-avg_bbagg-avg,rac,0.0018578068469150841
combined_all__random,combined_all,random,racs_bb-nodes_prop-mod_pettifor_scope-2_propagg-product_corragg-sum_bbagg-sum,rac,0.0018405637024070539
combined_all__random,combined_all,random,racs_bb-nodes_prop-X_scope-2_propagg-diff_corragg-avg_bbagg-avg,rac,0.0018375363056866078
combined_all__random,combined_all,random,racs_bb-nodes_prop-X_scope-2_propagg-product_corragg-avg_bbagg-avg,rac,0.0018133024671111169
combined_all__random,combined_all,random,racs_bb-nodes_prop-X_scope-3_propagg-product_corragg-avg_bbagg-sum,rac,0.0017663348242895806
combined_all__random,combined_all,random,racs_bb-nodes_prop-X_scope-2_propagg-product_corragg-sum_bbagg-avg,rac,0.0017418514276459234
combined_all__random,combined_all,random,racs_bb-nodes_prop-T_scope-2_propagg-diff_corragg-sum_bbagg-sum,rac,0.0017382613850274523
combined_all__random,combined_all,random,racs_bb-nodes_prop-mod_pettifor_scope-2_propagg-product_corragg-avg_bbagg-avg,rac,0.0015434265306974893
combined_all__random,combined_all,random,racs_bb-nodes_prop-X_scope-2_propagg-product_corragg-avg_bbagg-sum,rac,0.0014543429670571002
combined_all__random,combined_all,random,racs_bb-nodes_prop-mod_pettifor_scope-3_propagg-product_corragg-sum_bbagg-avg,rac,0.001411368521846011
combined_all__random,combined_all,random,racs_bb-nodes_prop-mod_pettifor_scope-3_propagg-diff_corragg-avg_bbagg-avg,rac,0.0013350220672262729
combined_all__random,combined_all,random,racs_bb-nodes_prop-X_scope-3_propagg-product_corragg-sum_bbagg-sum,rac,0.0013053656644462046
combined_all__random,combined_all,random,racs_bb-nodes_prop-T_scope-2_propagg-diff_corragg-avg_bbagg-sum,rac,0.0011849080496810645
combined_all__random,combined_all,random,racs_bb-nodes_prop-mod_pettifor_scope-3_propagg-product_corragg-sum_bbagg-sum,rac,0.0011398087605590933
combined_all__random,combined_all,random,racs_bb-nodes_prop-X_scope-3_propagg-product_corragg-sum_bbagg-avg,rac,0.0011066498303406742
combined_all__random,combined_all,random,racs_bb-nodes_prop-mod_pettifor_scope-2_propagg-diff_corragg-avg_bbagg-avg,rac,0.0009715904444230235
combined_all__random,combined_all,random,racs_bb-nodes_prop-mod_pettifor_scope-1_propagg-product_corragg-avg_bbagg-sum,rac,0.0008095557859249474
combined_all__random,combined_all,random,racs_bb-nodes_prop-X_scope-2_propagg-diff_corragg-avg_bbagg-sum,rac,0.0007859770962845478
combined_all__random,combined_all,random,racs_bb-nodes_prop-X_scope-2_propagg-diff_corragg-sum_bbagg-avg,rac,0.000739166316862558
combined_all__random,combined_all,random,racs_bb-nodes_prop-T_scope-1_propagg-diff_corragg-sum_bbagg-sum,rac,0.0006082488609293772
combined_all__random,combined_all,random,racs_bb-nodes_prop-mod_pettifor_scope-1_propagg-product_corragg-avg_bbagg-avg,rac,0.0005973161548569044
combined_all__random,combined_all,random,racs_bb-nodes_prop-X_scope-1_propagg-diff_corragg-avg_bbagg-avg,rac,0.0005831572071846779
combined_all__random,combined_all,random,racs_bb-nodes_prop-mod_pettifor_scope-1_propagg-product_corragg-sum_bbagg-avg,rac,0.0005613929913700259
combined_all__random,combined_all,random,racs_bb-nodes_prop-X_scope-2_propagg-product_corragg-sum_bbagg-sum,rac,0.000543173596105798
combined_all__random,combined_all,random,racs_bb-nodes_prop-T_scope-2_propagg-product_corragg-sum_bbagg-avg,rac,0.0004739225915832938
combined_all__random,combined_all,random,racs_bb-nodes_prop-mod_pettifor_scope-2_propagg-diff_corragg-sum_bbagg-avg,rac,0.0004626642443774409
combined_all__random,combined_all,random,racs_bb-nodes_prop-T_scope-1_propagg-product_corragg-sum_bbagg-avg,rac,0.00046260078078754353
combined_all__random,combined_all,random,racs_bb-nodes_prop-T_scope-1_propagg-diff_corragg-avg_bbagg-sum,rac,0.0004060684386360924
combined_all__random,combined_all,random,racs_bb-nodes_prop-X_scope-2_propagg-diff_corragg-sum_bbagg-sum,rac,0.00039932006318758905
combined_all__random,combined_all,random,racs_bb-nodes_prop-T_scope-1_propagg-product_corragg-avg_bbagg-avg,rac,0.0003786217761058028
combined_all__random,combined_all,random,racs_bb-nodes_prop-mod_pettifor_scope-2_propagg-diff_corragg-avg_bbagg-sum,rac,0.00036963763162077356
combined_all__random,combined_all,random,racs_bb-nodes_prop-T_scope-1_propagg-product_corragg-sum_bbagg-sum,rac,0.00034609414034175777
combined_all__random,combined_all,random,racs_bb-nodes_prop-mod_pettifor_scope-2_propagg-diff_corragg-sum_bbagg-sum,rac,0.00034542182684046014
combined_all__random,combined_all,random,racs_bb-nodes_prop-X_scope-1_propagg-diff_corragg-sum_bbagg-sum,rac,0.00029522857735425395
combined_all__random,combined_all,random,racs_bb-nodes_prop-mod_pettifor_scope-1_propagg-diff_corragg-avg_bbagg-avg,rac,0.0002939048809365104
combined_all__random,combined_all,random,racs_bb-nodes_prop-X_scope-1_propagg-product_corragg-sum_bbagg-avg,rac,0.0002906017193705716
combined_all__random,combined_all,random,racs_bb-nodes_prop-X_scope-1_propagg-product_corragg-avg_bbagg-avg,rac,0.00026223592975872946
combined_all__random,combined_all,random,racs_bb-nodes_prop-X_scope-1_propagg-diff_corragg-sum_bbagg-avg,rac,0.00025076716972834216
combined_all__random,combined_all,random,racs_bb-nodes_prop-mod_pettifor_scope-1_propagg-product_corragg-sum_bbagg-sum,rac,0.00023409290349341385
combined_all__random,combined_all,random,racs_bb-nodes_prop-T_scope-2_propagg-product_corragg-sum_bbagg-sum,rac,0.00023294359941579418
combined_all__random,combined_all,random,racs_bb-nodes_prop-mod_pettifor_scope-1_propagg-diff_corragg-sum_bbagg-avg,rac,0.00022718569337408683
combined_all__random,combined_all,random,racs_bb-nodes_prop-X_scope-1_propagg-product_corragg-sum_bbagg-sum,rac,0.00020296605677437988
combined_all__random,combined_all,random,racs_bb-nodes_prop-I_scope-3_propagg-product_corragg-sum_bbagg-avg,rac,0.00020175328340226698
combined_all__random,combined_all,random,racs_bb-nodes_prop-X_scope-1_propagg-diff_corragg-avg_bbagg-sum,rac,0.00017589997129447796
combined_all__random,combined_all,random,racs_bb-nodes_prop-mod_pettifor_scope-1_propagg-diff_corragg-avg_bbagg-sum,rac,0.00017118653356341967
combined_all__random,combined_all,random,racs_bb-nodes_prop-I_scope-1_propagg-product_corragg-sum_bbagg-avg,rac,0.00016723194586114968
combined_all__random,combined_all,random,racs_bb-nodes_prop-T_scope-1_propagg-product_corragg-avg_bbagg-sum,rac,0.00012025781333867978
combined_all__random,combined_all,random,racs_bb-nodes_prop-I_scope-3_propagg-product_corragg-sum_bbagg-sum,rac,0.00011947890233427448
combined_all__random,combined_all,random,racs_bb-nodes_prop-X_scope-1_propagg-product_corragg-avg_bbagg-sum,rac,0.00011912649259687456
combined_all__random,combined_all,random,racs_bb-nodes_prop-mod_pettifor_scope-1_propagg-diff_corragg-sum_bbagg-sum,rac,0.00011402900435125819
combined_all__random,combined_all,random,racs_bb-nodes_prop-I_scope-2_propagg-product_corragg-sum_bbagg-avg,rac,8.409985899328119e-05
combined_all__random,combined_all,random,racs_bb-nodes_prop-I_scope-2_propagg-product_corragg-sum_bbagg-sum,rac,8.397131136561169e-05
combined_all__random,combined_all,random,racs_bb-nodes_prop-I_scope-3_propagg-product_corragg-avg_bbagg-sum,rac,8.121221304150612e-05
combined_all__random,combined_all,random,racs_bb-nodes_prop-I_scope-1_propagg-product_corragg-sum_bbagg-sum,rac,6.749520664064621e-05
combined_all__random,combined_all,random,racs_bb-nodes_prop-I_scope-2_propagg-product_corragg-avg_bbagg-sum,rac,3.355946774339958e-05
combined_all__random,combined_all,random,racs_bb-nodes_prop-I_scope-1_propagg-product_corragg-avg_bbagg-sum,rac,1.456796361202986e-05
combined_all__metal,combined_all,metal,density_g_cm3,geo,0.22919896640589002
combined_all__metal,combined_all,metal,void_fraction,geo,0.19181471097377215
combined_all__metal,combined_all,metal,lcd,geo,0.08663011982984799
combined_all__metal,combined_all,metal,pld,geo,0.07412615993632962
combined_all__metal,combined_all,metal,surface_area_m2g,geo,0.07412364448124069
combined_all__metal,combined_all,metal,surface_area_m2cm3,geo,0.07407025333206878
combined_all__metal,combined_all,metal,racs_bb-nodes_prop-T_scope-3_propagg-product_corragg-sum_bbagg-avg,rac,0.07320621773777584
combined_all__metal,combined_all,metal,racs_bb-nodes_prop-T_scope-3_propagg-product_corragg-sum_bbagg-sum,rac,0.023172904598610693
combined_all__metal,combined_all,metal,racs_bb-nodes_prop-T_scope-3_propagg-product_corragg-avg_bbagg-avg,rac,0.020581457605959433
combined_all__metal,combined_all,metal,racs_bb-nodes_prop-T_scope-3_propagg-product_corragg-avg_bbagg-sum,rac,0.015297354876723247
combined_all__metal,combined_all,metal,racs_bb-nodes_prop-T_scope-2_propagg-diff_corragg-avg_bbagg-avg,rac,0.014138982304031386
combined_all__metal,combined_all,metal,racs_bb-nodes_prop-T_scope-3_propagg-diff_corragg-avg_bbagg-avg,rac,0.013153614996562984
combined_all__metal,combined_all,metal,racs_bb-nodes_prop-T_scope-3_propagg-diff_corragg-sum_bbagg-avg,rac,0.012299751051567083
combined_all__metal,combined_all,metal,racs_bb-nodes_prop-T_scope-3_propagg-diff_corragg-avg_bbagg-sum,rac,0.007394768487668167
combined_all__metal,combined_all,metal,racs_bb-nodes_prop-T_scope-3_propagg-diff_corragg-sum_bbagg-sum,rac,0.006324455146175556
combined_all__metal,combined_all,metal,racs_bb-nodes_prop-T_scope-2_propagg-product_corragg-avg_bbagg-sum,rac,0.005574824721656463
combined_all__metal,combined_all,metal,racs_bb-nodes_prop-T_scope-2_propagg-diff_corragg-sum_bbagg-avg,rac,0.005495040367226272
combined_all__metal,combined_all,metal,racs_bb-nodes_prop-T_scope-1_propagg-diff_corragg-avg_bbagg-avg,rac,0.003907649753659948
combined_all__metal,combined_all,metal,racs_bb-nodes_prop-mod_pettifor_scope-2_propagg-product_corragg-sum_bbagg-avg,rac,0.0037857855655563546
combined_all__metal,combined_all,metal,racs_bb-nodes_prop-mod_pettifor_scope-3_propagg-product_corragg-avg_bbagg-avg,rac,0.0037260724198656713
combined_all__metal,combined_all,metal,racs_bb-nodes_prop-X_scope-2_propagg-diff_corragg-avg_bbagg-sum,rac,0.003624711897397858
combined_all__metal,combined_all,metal,racs_bb-nodes_prop-mod_pettifor_scope-3_propagg-product_corragg-avg_bbagg-sum,rac,0.0036206797090649495
combined_all__metal,combined_all,metal,racs_bb-nodes_prop-X_scope-3_propagg-product_corragg-avg_bbagg-avg,rac,0.003515473918943168
combined_all__metal,combined_all,metal,racs_bb-nodes_prop-X_scope-3_propagg-product_corragg-avg_bbagg-sum,rac,0.002933112509744934
combined_all__metal,combined_all,metal,racs_bb-nodes_prop-mod_pettifor_scope-2_propagg-diff_corragg-sum_bbagg-sum,rac,0.0028214913059814383
combined_all__metal,combined_all,metal,racs_bb-nodes_prop-X_scope-3_propagg-product_corragg-sum_bbagg-avg,rac,0.002628283035497992
combined_all__metal,combined_all,metal,racs_bb-nodes_prop-X_scope-3_propagg-diff_corragg-avg_bbagg-avg,rac,0.002249624030985641
combined_all__metal,combined_all,metal,racs_bb-nodes_prop-X_scope-3_propagg-diff_corragg-avg_bbagg-sum,rac,0.002115182246363455
combined_all__metal,combined_all,metal,racs_bb-nodes_prop-T_scope-2_propagg-diff_corragg-sum_bbagg-sum,rac,0.0020390885638380376
combined_all__metal,combined_all,metal,racs_bb-nodes_prop-X_scope-3_propagg-diff_corragg-sum_bbagg-avg,rac,0.0019714579466123994
combined_all__metal,combined_all,metal,racs_bb-nodes_prop-mod_pettifor_scope-2_propagg-product_corragg-sum_bbagg-sum,rac,0.0019642549869514597
combined_all__metal,combined_all,metal,racs_bb-nodes_prop-X_scope-2_propagg-diff_corragg-sum_bbagg-sum,rac,0.001927881137480127
combined_all__metal,combined_all,metal,racs_bb-nodes_prop-mod_pettifor_scope-2_propagg-diff_corragg-sum_bbagg-avg,rac,0.0018678038030305903
combined_all__metal,combined_all,metal,racs_bb-nodes_prop-mod_pettifor_scope-3_propagg-diff_corragg-sum_bbagg-avg,rac,0.001848767905786265
combined_all__metal,combined_all,metal,racs_bb-nodes_prop-X_scope-3_propagg-diff_corragg-sum_bbagg-sum,rac,0.0018203777790483818
combined_all__metal,combined_all,metal,racs_bb-nodes_prop-X_scope-2_propagg-product_corragg-avg_bbagg-avg,rac,0.0018160173048191403
combined_all__metal,combined_all,metal,racs_bb-nodes_prop-T_scope-2_propagg-product_corragg-avg_bbagg-avg,rac,0.0018150282140568907
combined_all__metal,combined_all,metal,racs_bb-nodes_prop-mod_pettifor_scope-3_propagg-product_corragg-sum_bbagg-avg,rac,0.0017876102176630035
combined_all__metal,combined_all,metal,racs_bb-nodes_prop-T_scope-2_propagg-diff_corragg-avg_bbagg-sum,rac,0.001743577349280715
combined_all__metal,combined_all,metal,racs_bb-nodes_prop-mod_pettifor_scope-1_propagg-product_corragg-avg_bbagg-avg,rac,0.0015831867738131651
combined_all__metal,combined_all,metal,racs_bb-nodes_prop-mod_pettifor_scope-2_propagg-product_corragg-avg_bbagg-sum,rac,0.0015684967240892434
combined_all__metal,combined_all,metal,racs_bb-nodes_prop-mod_pettifor_scope-3_propagg-product_corragg-sum_bbagg-sum,rac,0.0015279237836462183
combined_all__metal,combined_all,metal,racs_bb-nodes_prop-T_scope-1_propagg-diff_corragg-sum_bbagg-avg,rac,0.0014556858153551328
combined_all__metal,combined_all,metal,racs_bb-nodes_prop-mod_pettifor_scope-3_propagg-diff_corragg-sum_bbagg-sum,rac,0.001389342416906745
combined_all__metal,combined_all,metal,racs_bb-nodes_prop-mod_pettifor_scope-2_propagg-diff_corragg-avg_bbagg-sum,rac,0.0012952536002372199
combined_all__metal,combined_all,metal,racs_bb-nodes_prop-mod_pettifor_scope-3_propagg-diff_corragg-avg_bbagg-avg,rac,0.0011909207096322961
combined_all__metal,combined_all,metal,racs_bb-nodes_prop-X_scope-3_propagg-product_corragg-sum_bbagg-sum,rac,0.0011510754677354405
combined_all__metal,combined_all,metal,racs_bb-nodes_prop-mod_pettifor_scope-3_propagg-diff_corragg-avg_bbagg-sum,rac,0.0011305212315890509
combined_all__metal,combined_all,metal,racs_bb-nodes_prop-mod_pettifor_scope-1_propagg-diff_corragg-avg_bbagg-avg,rac,0.001106616353632186
combined_all__metal,combined_all,metal,racs_bb-nodes_prop-X_scope-2_propagg-diff_corragg-avg_bbagg-avg,rac,0.0010195203999480405
combined_all__metal,combined_all,metal,racs_bb-nodes_prop-mod_pettifor_scope-2_propagg-product_corragg-avg_bbagg-avg,rac,0.000986775537492633
combined_all__metal,combined_all,metal,racs_bb-nodes_prop-mod_pettifor_scope-2_propagg-diff_corragg-avg_bbagg-avg,rac,0.000978243137807956
combined_all__metal,combined_all,metal,racs_bb-nodes_prop-X_scope-2_propagg-product_corragg-avg_bbagg-sum,rac,0.0009695693303513659
combined_all__metal,combined_all,metal,racs_bb-nodes_prop-X_scope-1_propagg-product_corragg-avg_bbagg-avg,rac,0.0009314841826269274
combined_all__metal,combined_all,metal,racs_bb-nodes_prop-X_scope-2_propagg-product_corragg-sum_bbagg-avg,rac,0.0009141243972206896
combined_all__metal,combined_all,metal,racs_bb-nodes_prop-T_scope-1_propagg-diff_corragg-avg_bbagg-sum,rac,0.0008115445935521461
combined_all__metal,combined_all,metal,racs_bb-nodes_prop-T_scope-1_propagg-product_corragg-sum_bbagg-avg,rac,0.0007960327198610318
combined_all__metal,combined_all,metal,racs_bb-nodes_prop-mod_pettifor_scope-1_propagg-product_corragg-avg_bbagg-sum,rac,0.0007871784009085063
combined_all__metal,combined_all,metal,racs_bb-nodes_prop-T_scope-1_propagg-diff_corragg-sum_bbagg-sum,rac,0.0006347504164852187
combined_all__metal,combined_all,metal,racs_bb-nodes_prop-X_scope-2_propagg-diff_corragg-sum_bbagg-avg,rac,0.0005536228232753067
combined_all__metal,combined_all,metal,racs_bb-nodes_prop-T_scope-1_propagg-product_corragg-avg_bbagg-sum,rac,0.0005425030887468425
combined_all__metal,combined_all,metal,racs_bb-nodes_prop-mod_pettifor_scope-1_propagg-diff_corragg-sum_bbagg-sum,rac,0.0003999496604486465
combined_all__metal,combined_all,metal,racs_bb-nodes_prop-X_scope-2_propagg-product_corragg-sum_bbagg-sum,rac,0.00039129110313267925
combined_all__metal,combined_all,metal,racs_bb-nodes_prop-X_scope-1_propagg-product_corragg-sum_bbagg-avg,rac,0.0003456683679190356
combined_all__metal,combined_all,metal,racs_bb-nodes_prop-T_scope-1_propagg-product_corragg-sum_bbagg-sum,rac,0.0003400350387295204
combined_all__metal,combined_all,metal,racs_bb-nodes_prop-T_scope-2_propagg-product_corragg-sum_bbagg-avg,rac,0.0003041157918460723
combined_all__metal,combined_all,metal,racs_bb-nodes_prop-T_scope-1_propagg-product_corragg-avg_bbagg-avg,rac,0.0002978357141651341
combined_all__metal,combined_all,metal,racs_bb-nodes_prop-X_scope-1_propagg-product_corragg-avg_bbagg-sum,rac,0.0002497635601387875
combined_all__metal,combined_all,metal,racs_bb-nodes_prop-T_scope-2_propagg-product_corragg-sum_bbagg-sum,rac,0.00024459518531367956
combined_all__metal,combined_all,metal,racs_bb-nodes_prop-X_scope-1_propagg-diff_corragg-sum_bbagg-avg,rac,0.0002440277958966578
combined_all__metal,combined_all,metal,racs_bb-nodes_prop-X_scope-1_propagg-diff_corragg-avg_bbagg-sum,rac,0.00024334872810487083
combined_all__metal,combined_all,metal,racs_bb-nodes_prop-X_scope-1_propagg-diff_corragg-avg_bbagg-avg,rac,0.00022029233617794323
combined_all__metal,combined_all,metal,racs_bb-nodes_prop-I_scope-1_propagg-product_corragg-sum_bbagg-avg,rac,0.00017819977088180385
combined_all__metal,combined_all,metal,racs_bb-nodes_prop-X_scope-1_propagg-product_corragg-sum_bbagg-sum,rac,0.00015012411268130256
combined_all__metal,combined_all,metal,racs_bb-nodes_prop-I_scope-3_propagg-product_corragg-sum_bbagg-sum,rac,0.0001487054119179413
combined_all__metal,combined_all,metal,racs_bb-nodes_prop-X_scope-1_propagg-diff_corragg-sum_bbagg-sum,rac,0.00014757706079939387
combined_all__metal,combined_all,metal,racs_bb-nodes_prop-mod_pettifor_scope-1_propagg-diff_corragg-avg_bbagg-sum,rac,0.0001370571092829289
combined_all__metal,combined_all,metal,racs_bb-nodes_prop-mod_pettifor_scope-1_propagg-product_corragg-sum_bbagg-avg,rac,0.00013374479678720985
combined_all__metal,combined_all,metal,racs_bb-nodes_prop-mod_pettifor_scope-1_propagg-product_corragg-sum_bbagg-sum,rac,0.0001288059083434293
combined_all__metal,combined_all,metal,racs_bb-nodes_prop-mod_pettifor_scope-1_propagg-diff_corragg-sum_bbagg-avg,rac,0.00012539105607876178
combined_all__metal,combined_all,metal,racs_bb-nodes_prop-I_scope-3_propagg-product_corragg-sum_bbagg-avg,rac,0.00011818282460777966
combined_all__metal,combined_all,metal,racs_bb-nodes_prop-I_scope-2_propagg-product_corragg-sum_bbagg-avg,rac,0.00011302882099530157
combined_all__metal,combined_all,metal,racs_bb-nodes_prop-I_scope-2_propagg-product_corragg-sum_bbagg-sum,rac,9.700865495618989e-05
combined_all__metal,combined_all,metal,racs_bb-nodes_prop-I_scope-1_propagg-product_corragg-sum_bbagg-sum,rac,7.841922663065623e-05
combined_all__metal,combined_all,metal,racs_bb-nodes_prop-I_scope-1_propagg-product_corragg-avg_bbagg-sum,rac,4.753554353220242e-05
combined_all__metal,combined_all,metal,racs_bb-nodes_prop-I_scope-2_propagg-product_corragg-avg_bbagg-sum,rac,3.341103771402107e-05
combined_all__metal,combined_all,metal,racs_bb-nodes_prop-I_scope-3_propagg-product_corragg-avg_bbagg-sum,rac,2.315554997676889e-05
combined_all__topology,combined_all,topology,density_g_cm3,geo,0.3209203719337286
combined_all__topology,combined_all,topology,void_fraction,geo,0.24782321457144113
combined_all__topology,combined_all,topology,surface_area_m2g,geo,0.11894296562348076
combined_all__topology,combined_all,topology,surface_area_m2cm3,geo,0.0800735910544398
combined_all__topology,combined_all,topology,lcd,geo,0.0742778490398953
combined_all__topology,combined_all,topology,racs_bb-nodes_prop-T_scope-3_propagg-product_corragg-sum_bbagg-avg,rac,0.04723154135953175
combined_all__topology,combined_all,topology,pld,geo,0.04658297166367993
combined_all__topology,combined_all,topology,racs_bb-nodes_prop-T_scope-3_propagg-product_corragg-avg_bbagg-avg,rac,0.036490053812864603
combined_all__topology,combined_all,topology,racs_bb-nodes_prop-T_scope-3_propagg-product_corragg-avg_bbagg-sum,rac,0.02340434057732078
combined_all__topology,combined_all,topology,racs_bb-nodes_prop-T_scope-2_propagg-product_corragg-avg_bbagg-sum,rac,0.019749672863349724
combined_all__topology,combined_all,topology,racs_bb-nodes_prop-T_scope-3_propagg-diff_corragg-avg_bbagg-avg,rac,0.016101634387325755
combined_all__topology,combined_all,topology,racs_bb-nodes_prop-T_scope-3_propagg-product_corragg-sum_bbagg-sum,rac,0.015400165122052634
combined_all__topology,combined_all,topology,racs_bb-nodes_prop-T_scope-3_propagg-diff_corragg-sum_bbagg-avg,rac,0.013850575540388007
combined_all__topology,combined_all,topology,racs_bb-nodes_prop-T_scope-1_propagg-diff_corragg-avg_bbagg-avg,rac,0.012081925137617423
combined_all__topology,combined_all,topology,racs_bb-nodes_prop-T_scope-3_propagg-diff_corragg-avg_bbagg-sum,rac,0.011842215674876724
combined_all__topology,combined_all,topology,racs_bb-nodes_prop-T_scope-3_propagg-diff_corragg-sum_bbagg-sum,rac,0.010118171820785327
combined_all__topology,combined_all,topology,racs_bb-nodes_prop-T_scope-1_propagg-diff_corragg-sum_bbagg-avg,rac,0.006012439448997004
combined_all__topology,combined_all,topology,racs_bb-nodes_prop-T_scope-2_propagg-product_corragg-avg_bbagg-avg,rac,0.004770973960953398
combined_all__topology,combined_all,topology,racs_bb-nodes_prop-mod_pettifor_scope-3_propagg-product_corragg-avg_bbagg-avg,rac,0.004718615809758468
combined_all__topology,combined_all,topology,racs_bb-nodes_prop-X_scope-3_propagg-product_corragg-avg_bbagg-avg,rac,0.003905046373979776
combined_all__topology,combined_all,topology,racs_bb-nodes_prop-mod_pettifor_scope-2_propagg-product_corragg-sum_bbagg-avg,rac,0.003750029823429567
combined_all__topology,combined_all,topology,racs_bb-nodes_prop-X_scope-2_propagg-product_corragg-avg_bbagg-avg,rac,0.003508409993981336
combined_all__topology,combined_all,topology,racs_bb-nodes_prop-mod_pettifor_scope-3_propagg-product_corragg-avg_bbagg-sum,rac,0.0034323178198929966
combined_all__topology,combined_all,topology,racs_bb-nodes_prop-T_scope-2_propagg-diff_corragg-avg_bbagg-avg,rac,0.0029639940381607343
combined_all__topology,combined_all,topology,racs_bb-nodes_prop-T_scope-2_propagg-diff_corragg-sum_bbagg-sum,rac,0.0025561979171378805
combined_all__topology,combined_all,topology,racs_bb-nodes_prop-mod_pettifor_scope-3_propagg-diff_corragg-sum_bbagg-sum,rac,0.002465863780351826
combined_all__topology,combined_all,topology,racs_bb-nodes_prop-T_scope-2_propagg-diff_corragg-sum_bbagg-avg,rac,0.0023814230456783423
combined_all__topology,combined_all,topology,racs_bb-nodes_prop-X_scope-3_propagg-diff_corragg-sum_bbagg-avg,rac,0.002356101807412611
combined_all__topology,combined_all,topology,racs_bb-nodes_prop-mod_pettifor_scope-2_propagg-product_corragg-sum_bbagg-sum,rac,0.0022350215139118473
combined_all__topology,combined_all,topology,racs_bb-nodes_prop-X_scope-3_propagg-diff_corragg-avg_bbagg-avg,rac,0.0021452622375523625
combined_all__topology,combined_all,topology,racs_bb-nodes_prop-mod_pettifor_scope-3_propagg-diff_corragg-avg_bbagg-sum,rac,0.0018312479759915996
combined_all__topology,combined_all,topology,racs_bb-nodes_prop-mod_pettifor_scope-1_propagg-product_corragg-avg_bbagg-avg,rac,0.0018303250152316704
combined_all__topology,combined_all,topology,racs_bb-nodes_prop-T_scope-2_propagg-diff_corragg-avg_bbagg-sum,rac,0.0018282068882603632
combined_all__topology,combined_all,topology,racs_bb-nodes_prop-mod_pettifor_scope-2_propagg-product_corragg-avg_bbagg-avg,rac,0.0018019856835872485
combined_all__topology,combined_all,topology,racs_bb-nodes_prop-X_scope-3_propagg-diff_corragg-avg_bbagg-sum,rac,0.00174190947238094
combined_all__topology,combined_all,topology,racs_bb-nodes_prop-mod_pettifor_scope-1_propagg-product_corragg-avg_bbagg-sum,rac,0.0016533821828155265
combined_all__topology,combined_all,topology,racs_bb-nodes_prop-mod_pettifor_scope-3_propagg-product_corragg-sum_bbagg-avg,rac,0.0015872462774178878
combined_all__topology,combined_all,topology,racs_bb-nodes_prop-T_scope-1_propagg-diff_corragg-sum_bbagg-sum,rac,0.0015641329151755035
combined_all__topology,combined_all,topology,racs_bb-nodes_prop-mod_pettifor_scope-2_propagg-product_corragg-avg_bbagg-sum,rac,0.0015605652795111435
combined_all__topology,combined_all,topology,racs_bb-nodes_prop-X_scope-2_propagg-diff_corragg-avg_bbagg-avg,rac,0.0015426263447489168
combined_all__topology,combined_all,topology,racs_bb-nodes_prop-mod_pettifor_scope-3_propagg-diff_corragg-avg_bbagg-avg,rac,0.0014150782359733445
combined_all__topology,combined_all,topology,racs_bb-nodes_prop-X_scope-3_propagg-product_corragg-avg_bbagg-sum,rac,0.0013009664889787422
combined_all__topology,combined_all,topology,racs_bb-nodes_prop-X_scope-2_propagg-diff_corragg-avg_bbagg-sum,rac,0.0012249995904288036
combined_all__topology,combined_all,topology,racs_bb-nodes_prop-X_scope-2_propagg-product_corragg-sum_bbagg-avg,rac,0.0010460682972478436
combined_all__topology,combined_all,topology,racs_bb-nodes_prop-X_scope-3_propagg-product_corragg-sum_bbagg-avg,rac,0.000982581492811599
combined_all__topology,combined_all,topology,racs_bb-nodes_prop-mod_pettifor_scope-3_propagg-diff_corragg-sum_bbagg-avg,rac,0.0009740796722964866
combined_all__topology,combined_all,topology,racs_bb-nodes_prop-X_scope-3_propagg-diff_corragg-sum_bbagg-sum,rac,0.0009446589692850382
combined_all__topology,combined_all,topology,racs_bb-nodes_prop-X_scope-1_propagg-product_corragg-sum_bbagg-avg,rac,0.0009376706031659236
combined_all__topology,combined_all,topology,racs_bb-nodes_prop-T_scope-1_propagg-product_corragg-sum_bbagg-avg,rac,0.0009282380067934816
combined_all__topology,combined_all,topology,racs_bb-nodes_prop-X_scope-2_propagg-product_corragg-sum_bbagg-sum,rac,0.0008903482807259819
combined_all__topology,combined_all,topology,racs_bb-nodes_prop-mod_pettifor_scope-3_propagg-product_corragg-sum_bbagg-sum,rac,0.0008084610793187118
combined_all__topology,combined_all,topology,racs_bb-nodes_prop-mod_pettifor_scope-2_propagg-diff_corragg-sum_bbagg-sum,rac,0.0007934669617020714
combined_all__topology,combined_all,topology,racs_bb-nodes_prop-X_scope-2_propagg-product_corragg-avg_bbagg-sum,rac,0.0006870682542022611
combined_all__topology,combined_all,topology,racs_bb-nodes_prop-T_scope-2_propagg-product_corragg-sum_bbagg-avg,rac,0.0006562389094780051
combined_all__topology,combined_all,topology,racs_bb-nodes_prop-mod_pettifor_scope-2_propagg-diff_corragg-avg_bbagg-avg,rac,0.0006485826734783565
combined_all__topology,combined_all,topology,racs_bb-nodes_prop-mod_pettifor_scope-2_propagg-diff_corragg-avg_bbagg-sum,rac,0.0006451634466848941
combined_all__topology,combined_all,topology,racs_bb-nodes_prop-T_scope-1_propagg-diff_corragg-avg_bbagg-sum,rac,0.0005980467804696444
combined_all__topology,combined_all,topology,racs_bb-nodes_prop-X_scope-3_propagg-product_corragg-sum_bbagg-sum,rac,0.0005959813185600457
combined_all__topology,combined_all,topology,racs_bb-nodes_prop-X_scope-2_propagg-diff_corragg-sum_bbagg-avg,rac,0.0005641110385474075
combined_all__topology,combined_all,topology,racs_bb-nodes_prop-X_scope-1_propagg-product_corragg-avg_bbagg-avg,rac,0.0005181147201544251
combined_all__topology,combined_all,topology,racs_bb-nodes_prop-X_scope-2_propagg-diff_corragg-sum_bbagg-sum,rac,0.000511071747082934
combined_all__topology,combined_all,topology,racs_bb-nodes_prop-mod_pettifor_scope-2_propagg-diff_corragg-sum_bbagg-avg,rac,0.0005025759619082874
combined_all__topology,combined_all,topology,racs_bb-nodes_prop-X_scope-1_propagg-diff_corragg-avg_bbagg-avg,rac,0.0004903805070181383
combined_all__topology,combined_all,topology,racs_bb-nodes_prop-mod_pettifor_scope-1_propagg-product_corragg-sum_bbagg-avg,rac,0.00047934393626462385
combined_all__topology,combined_all,topology,racs_bb-nodes_prop-T_scope-1_propagg-product_corragg-avg_bbagg-avg,rac,0.0004487515683449664
combined_all__topology,combined_all,topology,racs_bb-nodes_prop-T_scope-1_propagg-product_corragg-sum_bbagg-sum,rac,0.00040089281648702173
combined_all__topology,combined_all,topology,racs_bb-nodes_prop-X_scope-1_propagg-diff_corragg-sum_bbagg-avg,rac,0.0003921354294875679
combined_all__topology,combined_all,topology,racs_bb-nodes_prop-mod_pettifor_scope-1_propagg-diff_corragg-avg_bbagg-sum,rac,0.0003430735767381044
combined_all__topology,combined_all,topology,racs_bb-nodes_prop-T_scope-2_propagg-product_corragg-sum_bbagg-sum,rac,0.0003389383915715553
combined_all__topology,combined_all,topology,racs_bb-nodes_prop-mod_pettifor_scope-1_propagg-diff_corragg-sum_bbagg-sum,rac,0.0003354403986831298
combined_all__topology,combined_all,topology,racs_bb-nodes_prop-X_scope-1_propagg-diff_corragg-sum_bbagg-sum,rac,0.0003096917571262317
combined_all__topology,combined_all,topology,racs_bb-nodes_prop-mod_pettifor_scope-1_propagg-diff_corragg-avg_bbagg-avg,rac,0.00029174069526359157
combined_all__topology,combined_all,topology,racs_bb-nodes_prop-mod_pettifor_scope-1_propagg-diff_corragg-sum_bbagg-avg,rac,0.0002589407055166558
combined_all__topology,combined_all,topology,racs_bb-nodes_prop-T_scope-1_propagg-product_corragg-avg_bbagg-sum,rac,0.00025064783310488624
combined_all__topology,combined_all,topology,racs_bb-nodes_prop-I_scope-2_propagg-product_corragg-sum_bbagg-avg,rac,0.00023414910321998576
combined_all__topology,combined_all,topology,racs_bb-nodes_prop-X_scope-1_propagg-product_corragg-avg_bbagg-sum,rac,0.00023397468038136984
combined_all__topology,combined_all,topology,racs_bb-nodes_prop-I_scope-1_propagg-product_corragg-sum_bbagg-avg,rac,0.00022811975419351628
combined_all__topology,combined_all,topology,racs_bb-nodes_prop-mod_pettifor_scope-1_propagg-product_corragg-sum_bbagg-sum,rac,0.00015326244378399985
combined_all__topology,combined_all,topology,racs_bb-nodes_prop-I_scope-3_propagg-product_corragg-sum_bbagg-sum,rac,0.00014631104020996528
combined_all__topology,combined_all,topology,racs_bb-nodes_prop-X_scope-1_propagg-diff_corragg-avg_bbagg-sum,rac,0.0001403657452658017
combined_all__topology,combined_all,topology,racs_bb-nodes_prop-I_scope-3_propagg-product_corragg-sum_bbagg-avg,rac,0.00012928969033157344
combined_all__topology,combined_all,topology,racs_bb-nodes_prop-X_scope-1_propagg-product_corragg-sum_bbagg-sum,rac,0.00011385541319216904
combined_all__topology,combined_all,topology,racs_bb-nodes_prop-I_scope-2_propagg-product_corragg-sum_bbagg-sum,rac,7.377715460549585e-05
combined_all__topology,combined_all,topology,racs_bb-nodes_prop-I_scope-1_propagg-product_corragg-sum_bbagg-sum,rac,5.603698911478731e-05
combined_all__topology,combined_all,topology,racs_bb-nodes_prop-I_scope-3_propagg-product_corragg-avg_bbagg-sum,rac,5.02759639094878e-05
combined_all__topology,combined_all,topology,racs_bb-nodes_prop-I_scope-2_propagg-product_corragg-avg_bbagg-sum,rac,3.94871402924701e-05
combined_all__topology,combined_all,topology,racs_bb-nodes_prop-I_scope-1_propagg-product_corragg-avg_bbagg-sum,rac,1.9016495438614117e-05
