experiment,feature_set,split,feature,feature_type,mean_abs_shap
geo_decorr__random,geo_decorr,random,void_fraction,geo,0.44752334263397076
geo_decorr__random,geo_decorr,random,density_g_cm3,geo,0.417818560085355
geo_decorr__random,geo_decorr,random,pld,geo,0.21067411405892672
geo_decorr__random,geo_decorr,random,surface_area_m2cm3,geo,0.18324354930981493
geo_decorr__random,geo_decorr,random,surface_area_m2g,geo,0.14430683075235137
geo_decorr__metal,geo_decorr,metal,void_fraction,geo,0.5304289038822584
geo_decorr__metal,geo_decorr,metal,density_g_cm3,geo,0.32518451129992465
geo_decorr__metal,geo_decorr,metal,pld,geo,0.23657602395706498
geo_decorr__metal,geo_decorr,metal,surface_area_m2g,geo,0.22548491091887463
geo_decorr__metal,geo_decorr,metal,surface_area_m2cm3,geo,0.22422524958797665
geo_decorr__topology,geo_decorr,topology,void_fraction,geo,0.49616167783043214
geo_decorr__topology,geo_decorr,topology,density_g_cm3,geo,0.4278580825299307
geo_decorr__topology,geo_decorr,topology,surface_area_m2g,geo,0.28714277048865827
geo_decorr__topology,geo_decorr,topology,pld,geo,0.22544635893181658
geo_decorr__topology,geo_decorr,topology,surface_area_m2cm3,geo,0.20631175720816636
geo_all__random,geo_all,random,void_fraction,geo,0.5353949428979039
geo_all__random,geo_all,random,density_g_cm3,geo,0.32038232825607776
geo_all__random,geo_all,random,pld,geo,0.2358046179918451
geo_all__random,geo_all,random,surface_area_m2cm3,geo,0.1835009781429654
geo_all__random,geo_all,random,lcd,geo,0.14271696139234744
geo_all__random,geo_all,random,surface_area_m2g,geo,0.12247654600786781
geo_all__metal,geo_all,metal,void_fraction,geo,0.6205016187804823
geo_all__metal,geo_all,metal,density_g_cm3,geo,0.3879365817643798
geo_all__metal,geo_all,metal,surface_area_m2cm3,geo,0.24763924101570262
geo_all__metal,geo_all,metal,pld,geo,0.2241037369301665
geo_all__metal,geo_all,metal,lcd,geo,0.14875599782818552
geo_all__metal,geo_all,metal,surface_area_m2g,geo,0.10498924786998065
geo_all__topology,geo_all,topology,void_fraction,geo,0.7222465208006195
geo_all__topology,geo_all,topology,density_g_cm3,geo,0.3833712538608188
geo_all__topology,geo_all,topology,surface_area_m2cm3,geo,0.29223317671245924
geo_all__topology,geo_all,topology,pld,geo,0.24616311197339055
geo_all__topology,geo_all,topology,lcd,geo,0.24161169569933835
geo_all__topology,geo_all,topology,surface_area_m2g,geo,0.20733946534140124
rac_decorr__random,rac_decorr,random,racs_bb-nodes_prop-T_scope-3_propagg-product_corragg-avg_bbagg-avg,rac,0.2110852594290271
rac_decorr__random,rac_decorr,random,racs_bb-nodes_prop-X_scope-3_propagg-product_corragg-avg_bbagg-avg,rac,0.1500900665249392
rac_decorr__random,rac_decorr,random,racs_bb-nodes_prop-X_scope-2_propagg-product_corragg-avg_bbagg-avg,rac,0.12728973673688926
rac_decorr__random,rac_decorr,random,racs_bb-nodes_prop-X_scope-2_propagg-diff_corragg-sum_bbagg-avg,rac,0.10024805474008422
rac_decorr__random,rac_decorr,random,racs_bb-nodes_prop-T_scope-2_propagg-product_corragg-avg_bbagg-avg,rac,0.09705015483564643
rac_decorr__random,rac_decorr,random,racs_bb-nodes_prop-T_scope-3_propagg-product_corragg-avg_bbagg-sum,rac,0.09474196499874102
rac_decorr__random,rac_decorr,random,racs_bb-nodes_prop-mod_pettifor_scope-3_propagg-diff_corragg-sum_bbagg-avg,rac,0.09425570558730398
rac_decorr__random,rac_decorr,random,racs_bb-nodes_prop-X_scope-2_propagg-diff_corragg-avg_bbagg-avg,rac,0.06604943867514906
rac_decorr__random,rac_decorr,random,racs_bb-nodes_prop-X_scope-3_propagg-diff_corragg-sum_bbagg-avg,rac,0.054946522711722075
rac_decorr__random,rac_decorr,random,racs_bb-nodes_prop-mod_pettifor_scope-3_propagg-product_corragg-sum_bbagg-avg,rac,0.05307795679366206
rac_decorr__random,rac_decorr,random,racs_bb-nodes_prop-I_scope-3_propagg-product_corragg-sum_bbagg-avg,rac,0.05259981252881961
rac_decorr__random,rac_decorr,random,racs_bb-nodes_prop-T_scope-2_propagg-product_corragg-sum_bbagg-avg,rac,0.04902675228583699
rac_decorr__random,rac_decorr,random,racs_bb-nodes_prop-T_scope-1_propagg-diff_corragg-avg_bbagg-avg,rac,0.04378700462279095
rac_decorr__random,rac_decorr,random,racs_bb-nodes_prop-X_scope-1_propagg-product_corragg-avg_bbagg-avg,rac,0.04274872426571774
rac_decorr__random,rac_decorr,random,racs_bb-nodes_prop-X_scope-2_propagg-product_corragg-sum_bbagg-avg,rac,0.040108651367976596
rac_decorr__random,rac_decorr,random,racs_bb-nodes_prop-X_scope-2_propagg-product_corragg-avg_bbagg-sum,rac,0.03868024631498496
rac_decorr__random,rac_decorr,random,racs_bb-nodes_prop-T_scope-2_propagg-diff_corragg-avg_bbagg-sum,rac,0.03856253866581003
rac_decorr__random,rac_decorr,random,racs_bb-nodes_prop-T_scope-1_propagg-product_corragg-avg_bbagg-avg,rac,0.036238548278209874
rac_decorr__random,rac_decorr,random,racs_bb-nodes_prop-mod_pettifor_scope-2_propagg-product_corragg-sum_bbagg-sum,rac,0.03534610804089981
rac_decorr__random,rac_decorr,random,racs_bb-nodes_prop-X_scope-1_propagg-diff_corragg-avg_bbagg-avg,rac,0.034292375402050226
rac_decorr__random,rac_decorr,random,racs_bb-nodes_prop-T_scope-2_propagg-product_corragg-sum_bbagg-sum,rac,0.03192633999684208
rac_decorr__random,rac_decorr,random,racs_bb-nodes_prop-mod_pettifor_scope-1_propagg-product_corragg-sum_bbagg-avg,rac,0.030722968744909877
rac_decorr__random,rac_decorr,random,racs_bb-nodes_prop-T_scope-3_propagg-diff_corragg-avg_bbagg-avg,rac,0.030174035492247214
rac_decorr__random,rac_decorr,random,racs_bb-nodes_prop-X_scope-3_propagg-product_corragg-sum_bbagg-avg,rac,0.029658974358626536
rac_decorr__random,rac_decorr,random,racs_bb-nodes_prop-T_scope-2_propagg-diff_corragg-avg_bbagg-avg,rac,0.02848434098242531
rac_decorr__random,rac_decorr,random,racs_bb-nodes_prop-I_scope-2_propagg-product_corragg-sum_bbagg-sum,rac,0.027530536823787904
rac_decorr__random,rac_decorr,random,racs_bb-nodes_prop-X_scope-2_propagg-diff_corragg-sum_bbagg-sum,rac,0.026674703237171898
rac_decorr__random,rac_decorr,random,racs_bb-nodes_prop-mod_pettifor_scope-2_propagg-product_corragg-avg_bbagg-avg,rac,0.02650033303962517
rac_decorr__random,rac_decorr,random,racs_bb-nodes_prop-mod_pettifor_scope-2_propagg-diff_corragg-sum_bbagg-sum,rac,0.024253881271243675
rac_decorr__random,rac_decorr,random,racs_bb-nodes_prop-T_scope-2_propagg-diff_corragg-sum_bbagg-avg,rac,0.02359593917087245
rac_decorr__random,rac_decorr,random,racs_bb-nodes_prop-mod_pettifor_scope-2_propagg-diff_corragg-sum_bbagg-avg,rac,0.02254642976176735
rac_decorr__random,rac_decorr,random,racs_bb-nodes_prop-mod_pettifor_scope-2_propagg-diff_corragg-avg_bbagg-avg,rac,0.022486381188121674
rac_decorr__random,rac_decorr,random,racs_bb-nodes_prop-X_scope-1_propagg-diff_corragg-avg_bbagg-sum,rac,0.022319090357849413
rac_decorr__random,rac_decorr,random,racs_bb-nodes_prop-mod_pettifor_scope-1_propagg-diff_corragg-sum_bbagg-sum,rac,0.022047264039446304
rac_decorr__random,rac_decorr,random,racs_bb-nodes_prop-T_scope-2_propagg-diff_corragg-sum_bbagg-sum,rac,0.021595089422390735
rac_decorr__random,rac_decorr,random,racs_bb-nodes_prop-X_scope-1_propagg-product_corragg-sum_bbagg-avg,rac,0.019942187085592315
rac_decorr__random,rac_decorr,random,racs_bb-nodes_prop-mod_pettifor_scope-1_propagg-diff_corragg-avg_bbagg-avg,rac,0.019676782223088645
rac_decorr__random,rac_decorr,random,racs_bb-nodes_prop-I_scope-1_propagg-product_corragg-sum_bbagg-avg,rac,0.019508868689468228
rac_decorr__random,rac_decorr,random,racs_bb-nodes_prop-X_scope-2_propagg-diff_corragg-avg_bbagg-sum,rac,0.018557998194499836
rac_decorr__random,rac_decorr,random,racs_bb-nodes_prop-X_scope-1_propagg-diff_corragg-sum_bbagg-avg,rac,0.018406881655522705
rac_decorr__random,rac_decorr,random,racs_bb-nodes_prop-mod_pettifor_scope-1_propagg-product_corragg-avg_bbagg-sum,rac,0.01827186373938613
rac_decorr__random,rac_decorr,random,racs_bb-nodes_prop-I_scope-2_propagg-product_corragg-sum_bbagg-avg,rac,0.01703604223277318
rac_decorr__random,rac_decorr,random,racs_bb-nodes_prop-mod_pettifor_scope-2_propagg-product_corragg-sum_bbagg-avg,rac,0.015240230734015618
rac_decorr__random,rac_decorr,random,racs_bb-nodes_prop-mod_pettifor_scope-1_propagg-diff_corragg-avg_bbagg-sum,rac,0.009483054925964338
rac_decorr__random,rac_decorr,random,racs_bb-nodes_prop-mod_pettifor_scope-2_propagg-diff_corragg-avg_bbagg-sum,rac,0.00943797706267614
rac_decorr__metal,rac_decorr,metal,racs_bb-nodes_prop-X_scope-3_propagg-product_corragg-avg_bbagg-avg,rac,0.43418893278307213
rac_decorr__metal,rac_decorr,metal,racs_bb-nodes_prop-X_scope-1_propagg-diff_corragg-avg_bbagg-avg,rac,0.16025659653284322
rac_decorr__metal,rac_decorr,metal,racs_bb-nodes_prop-T_scope-3_propagg-product_corragg-avg_bbagg-avg,rac,0.10850642662212859
rac_decorr__metal,rac_decorr,metal,racs_bb-nodes_prop-X_scope-3_propagg-diff_corragg-sum_bbagg-avg,rac,0.10794127780275856
rac_decorr__metal,rac_decorr,metal,racs_bb-nodes_prop-X_scope-1_propagg-product_corragg-avg_bbagg-avg,rac,0.08112924613929745
rac_decorr__metal,rac_decorr,metal,racs_bb-nodes_prop-T_scope-3_propagg-product_corragg-avg_bbagg-sum,rac,0.06662667250050958
rac_decorr__metal,rac_decorr,metal,racs_bb-nodes_prop-T_scope-2_propagg-diff_corragg-avg_bbagg-avg,rac,0.0628024875526251
rac_decorr__metal,rac_decorr,metal,racs_bb-nodes_prop-X_scope-2_propagg-diff_corragg-avg_bbagg-sum,rac,0.0607760105562158
rac_decorr__metal,rac_decorr,metal,racs_bb-nodes_prop-T_scope-2_propagg-product_corragg-avg_bbagg-avg,rac,0.060761704524158654
rac_decorr__metal,rac_decorr,metal,racs_bb-nodes_prop-X_scope-2_propagg-product_corragg-avg_bbagg-avg,rac,0.047655666456905596
rac_decorr__metal,rac_decorr,metal,racs_bb-nodes_prop-X_scope-2_propagg-diff_corragg-sum_bbagg-sum,rac,0.03960408773688203
rac_decorr__metal,rac_decorr,metal,racs_bb-nodes_prop-mod_pettifor_scope-3_propagg-product_corragg-sum_bbagg-avg,rac,0.03714640337165394
rac_decorr__metal,rac_decorr,metal,racs_bb-nodes_prop-mod_pettifor_scope-2_propagg-diff_corragg-sum_bbagg-avg,rac,0.034286946171386674
rac_decorr__metal,rac_decorr,metal,racs_bb-nodes_prop-I_scope-3_propagg-product_corragg-sum_bbagg-avg,rac,0.031991373636704394
rac_decorr__metal,rac_decorr,metal,racs_bb-nodes_prop-T_scope-3_propagg-diff_corragg-avg_bbagg-avg,rac,0.03023600265160427
rac_decorr__metal,rac_decorr,metal,racs_bb-nodes_prop-X_scope-2_propagg-diff_corragg-sum_bbagg-avg,rac,0.02612667231186529
rac_decorr__metal,rac_decorr,metal,racs_bb-nodes_prop-X_scope-1_propagg-product_corragg-sum_bbagg-avg,rac,0.02597759719005757
rac_decorr__metal,rac_decorr,metal,racs_bb-nodes_prop-mod_pettifor_scope-2_propagg-diff_corragg-avg_bbagg-avg,rac,0.02535016719006275
rac_decorr__metal,rac_decorr,metal,racs_bb-nodes_prop-mod_pettifor_scope-3_propagg-diff_corragg-sum_bbagg-avg,rac,0.023371687253902075
rac_decorr__metal,rac_decorr,metal,racs_bb-nodes_prop-T_scope-1_propagg-product_corragg-avg_bbagg-avg,rac,0.02244899708173117
rac_decorr__metal,rac_decorr,metal,racs_bb-nodes_prop-T_scope-2_propagg-product_corragg-sum_bbagg-avg,rac,0.022045026286865135
rac_decorr__metal,rac_decorr,metal,racs_bb-nodes_prop-T_scope-2_propagg-diff_corragg-sum_bbagg-avg,rac,0.020576651303314205
rac_decorr__metal,rac_decorr,metal,racs_bb-nodes_prop-T_scope-1_propagg-diff_corragg-avg_bbagg-avg,rac,0.020361173700112735
rac_decorr__metal,rac_decorr,metal,racs_bb-nodes_prop-mod_pettifor_scope-2_propagg-product_corragg-sum_bbagg-sum,rac,0.01947408926224154
rac_decorr__metal,rac_decorr,metal,racs_bb-nodes_prop-X_scope-2_propagg-product_corragg-sum_bbagg-avg,rac,0.01938600015678521
rac_decorr__metal,rac_decorr,metal,racs_bb-nodes_prop-T_scope-2_propagg-diff_corragg-avg_bbagg-sum,rac,0.019010385726471776
rac_decorr__metal,rac_decorr,metal,racs_bb-nodes_prop-mod_pettifor_scope-1_propagg-product_corragg-sum_bbagg-avg,rac,0.01612937189892361
rac_decorr__metal,rac_decorr,metal,racs_bb-nodes_prop-X_scope-1_propagg-diff_corragg-sum_bbagg-avg,rac,0.015669498112482763
rac_decorr__metal,rac_decorr,metal,racs_bb-nodes_prop-X_scope-3_propagg-product_corragg-sum_bbagg-avg,rac,0.014547327337659666
rac_decorr__metal,rac_decorr,metal,racs_bb-nodes_prop-mod_pettifor_scope-2_propagg-diff_corragg-avg_bbagg-sum,rac,0.014509030198940568
rac_decorr__metal,rac_decorr,metal,racs_bb-nodes_prop-mod_pettifor_scope-1_propagg-diff_corragg-sum_bbagg-sum,rac,0.014452780373188884
rac_decorr__metal,rac_decorr,metal,racs_bb-nodes_prop-X_scope-2_propagg-diff_corragg-avg_bbagg-avg,rac,0.013233679078957988
rac_decorr__metal,rac_decorr,metal,racs_bb-nodes_prop-mod_pettifor_scope-2_propagg-product_corragg-sum_bbagg-avg,rac,0.012521504069754557
rac_decorr__metal,rac_decorr,metal,racs_bb-nodes_prop-T_scope-2_propagg-diff_corragg-sum_bbagg-sum,rac,0.012268355312291986
rac_decorr__metal,rac_decorr,metal,racs_bb-nodes_prop-X_scope-1_propagg-diff_corragg-avg_bbagg-sum,rac,0.010589094174711105
rac_decorr__metal,rac_decorr,metal,racs_bb-nodes_prop-I_scope-1_propagg-product_corragg-sum_bbagg-avg,rac,0.010466651933193346
rac_decorr__metal,rac_decorr,metal,racs_bb-nodes_prop-mod_pettifor_scope-2_propagg-diff_corragg-sum_bbagg-sum,rac,0.009877255851345695
rac_decorr__metal,rac_decorr,metal,racs_bb-nodes_prop-I_scope-2_propagg-product_corragg-sum_bbagg-sum,rac,0.009417881307038835
rac_decorr__metal,rac_decorr,metal,racs_bb-nodes_prop-T_scope-2_propagg-product_corragg-sum_bbagg-sum,rac,0.009361954929802853
rac_decorr__metal,rac_decorr,metal,racs_bb-nodes_prop-mod_pettifor_scope-1_propagg-product_corragg-avg_bbagg-sum,rac,0.008786260422903194
rac_decorr__metal,rac_decorr,metal,racs_bb-nodes_prop-I_scope-2_propagg-product_corragg-sum_bbagg-avg,rac,0.008699585957048707
rac_decorr__metal,rac_decorr,metal,racs_bb-nodes_prop-mod_pettifor_scope-1_propagg-diff_corragg-avg_bbagg-avg,rac,0.007709768338192191
rac_decorr__metal,rac_decorr,metal,racs_bb-nodes_prop-mod_pettifor_scope-2_propagg-product_corragg-avg_bbagg-avg,rac,0.006920434203134089
rac_decorr__metal,rac_decorr,metal,racs_bb-nodes_prop-mod_pettifor_scope-1_propagg-diff_corragg-avg_bbagg-sum,rac,0.006296830263847212
rac_decorr__metal,rac_decorr,metal,racs_bb-nodes_prop-X_scope-2_propagg-product_corragg-avg_bbagg-sum,rac,0.005960588884290177
rac_decorr__topology,rac_decorr,topology,racs_bb-nodes_prop-T_scope-3_propagg-product_corragg-avg_bbagg-avg,rac,0.3575752051087567
rac_decorr__topology,rac_decorr,topology,racs_bb-nodes_prop-T_scope-3_propagg-product_corragg-avg_bbagg-sum,rac,0.15760697767439721
rac_decorr__topology,rac_decorr,topology,racs_bb-nodes_prop-X_scope-3_propagg-product_corragg-avg_bbagg-avg,rac,0.11923992242655866
rac_decorr__topology,rac_decorr,topology,racs_bb-nodes_prop-T_scope-2_propagg-diff_corragg-avg_bbagg-sum,rac,0.0940563985515758
rac_decorr__topology,rac_decorr,topology,racs_bb-nodes_prop-T_scope-2_propagg-product_corragg-avg_bbagg-avg,rac,0.09068815367265672
rac_decorr__topology,rac_decorr,topology,racs_bb-nodes_prop-X_scope-2_propagg-diff_corragg-sum_bbagg-avg,rac,0.0905884570570522
rac_decorr__topology,rac_decorr,topology,racs_bb-nodes_prop-X_scope-3_propagg-diff_corragg-sum_bbagg-avg,rac,0.07814497926057803
rac_decorr__topology,rac_decorr,topology,racs_bb-nodes_prop-X_scope-2_propagg-diff_corragg-avg_bbagg-sum,rac,0.07526633116397359
rac_decorr__topology,rac_decorr,topology,racs_bb-nodes_prop-X_scope-2_propagg-diff_corragg-avg_bbagg-avg,rac,0.060560480498294766
rac_decorr__topology,rac_decorr,topology,racs_bb-nodes_prop-I_scope-3_propagg-product_corragg-sum_bbagg-avg,rac,0.05642769274502533
rac_decorr__topology,rac_decorr,topology,racs_bb-nodes_prop-X_scope-2_propagg-diff_corragg-sum_bbagg-sum,rac,0.04987706952956701
rac_decorr__topology,rac_decorr,topology,racs_bb-nodes_prop-X_scope-2_propagg-product_corragg-avg_bbagg-sum,rac,0.04904263405216189
rac_decorr__topology,rac_decorr,topology,racs_bb-nodes_prop-T_scope-3_propagg-diff_corragg-avg_bbagg-avg,rac,0.04656929548643323
rac_decorr__topology,rac_decorr,topology,racs_bb-nodes_prop-T_scope-2_propagg-diff_corragg-avg_bbagg-avg,rac,0.04618834574418803
rac_decorr__topology,rac_decorr,topology,racs_bb-nodes_prop-mod_pettifor_scope-3_propagg-diff_corragg-sum_bbagg-avg,rac,0.04223050400667991
rac_decorr__topology,rac_decorr,topology,racs_bb-nodes_prop-mod_pettifor_scope-1_propagg-product_corragg-sum_bbagg-avg,rac,0.039917159229980355
rac_decorr__topology,rac_decorr,topology,racs_bb-nodes_prop-mod_pettifor_scope-2_propagg-diff_corragg-avg_bbagg-sum,rac,0.038403749451990876
rac_decorr__topology,rac_decorr,topology,racs_bb-nodes_prop-mod_pettifor_scope-3_propagg-product_corragg-sum_bbagg-avg,rac,0.03362237731198327
rac_decorr__topology,rac_decorr,topology,racs_bb-nodes_prop-mod_pettifor_scope-2_propagg-product_corragg-sum_bbagg-sum,rac,0.03242931283790614
rac_decorr__topology,rac_decorr,topology,racs_bb-nodes_prop-T_scope-2_propagg-product_corragg-sum_bbagg-avg,rac,0.030546079445441687
rac_decorr__topology,rac_decorr,topology,racs_bb-nodes_prop-mod_pettifor_scope-1_propagg-diff_corragg-sum_bbagg-sum,rac,0.026250166415876252
rac_decorr__topology,rac_decorr,topology,racs_bb-nodes_prop-T_scope-2_propagg-diff_corragg-sum_bbagg-avg,rac,0.026028018561952467
rac_decorr__topology,rac_decorr,topology,racs_bb-nodes_prop-X_scope-2_propagg-product_corragg-avg_bbagg-avg,rac,0.025010654452969096
rac_decorr__topology,rac_decorr,topology,racs_bb-nodes_prop-X_scope-3_propagg-product_corragg-sum_bbagg-avg,rac,0.0248631277291334
rac_decorr__topology,rac_decorr,topology,racs_bb-nodes_prop-X_scope-1_propagg-product_corragg-avg_bbagg-avg,rac,0.022026581059654906
rac_decorr__topology,rac_decorr,topology,racs_bb-nodes_prop-mod_pettifor_scope-2_propagg-product_corragg-sum_bbagg-avg,rac,0.021980979491700546
rac_decorr__topology,rac_decorr,topology,racs_bb-nodes_prop-T_scope-2_propagg-diff_corragg-sum_bbagg-sum,rac,0.01955346629419081
rac_decorr__topology,rac_decorr,topology,racs_bb-nodes_prop-I_scope-2_propagg-product_corragg-sum_bbagg-avg,rac,0.019479990427679946
rac_decorr__topology,rac_decorr,topology,racs_bb-nodes_prop-mod_pettifor_scope-2_propagg-diff_corragg-sum_bbagg-avg,rac,0.019086209864506227
rac_decorr__topology,rac_decorr,topology,racs_bb-nodes_prop-T_scope-1_propagg-product_corragg-avg_bbagg-avg,rac,0.018426960889516435
rac_decorr__topology,rac_decorr,topology,racs_bb-nodes_prop-mod_pettifor_scope-2_propagg-diff_corragg-sum_bbagg-sum,rac,0.017146735828529734
rac_decorr__topology,rac_decorr,topology,racs_bb-nodes_prop-X_scope-1_propagg-product_corragg-sum_bbagg-avg,rac,0.016685051260489137
rac_decorr__topology,rac_decorr,topology,racs_bb-nodes_prop-X_scope-1_propagg-diff_corragg-avg_bbagg-avg,rac,0.016233060215372335
rac_decorr__topology,rac_decorr,topology,racs_bb-nodes_prop-T_scope-2_propagg-product_corragg-sum_bbagg-sum,rac,0.01573021939383966
rac_decorr__topology,rac_decorr,topology,racs_bb-nodes_prop-T_scope-1_propagg-diff_corragg-avg_bbagg-avg,rac,0.014744089568937383
rac_decorr__topology,rac_decorr,topology,racs_bb-nodes_prop-X_scope-2_propagg-product_corragg-sum_bbagg-avg,rac,0.013594765485117257
rac_decorr__topology,rac_decorr,topology,racs_bb-nodes_prop-X_scope-1_propagg-diff_corragg-sum_bbagg-avg,rac,0.013393798160255628
rac_decorr__topology,rac_decorr,topology,racs_bb-nodes_prop-mod_pettifor_scope-1_propagg-diff_corragg-avg_bbagg-sum,rac,0.013308410856569494
rac_decorr__topology,rac_decorr,topology,racs_bb-nodes_prop-mod_pettifor_scope-2_propagg-diff_corragg-avg_bbagg-avg,rac,0.01328259549316859
rac_decorr__topology,rac_decorr,topology,racs_bb-nodes_prop-mod_pettifor_scope-1_propagg-diff_corragg-avg_bbagg-avg,rac,0.013202834844678527
rac_decorr__topology,rac_decorr,topology,racs_bb-nodes_prop-I_scope-2_propagg-product_corragg-sum_bbagg-sum,rac,0.012993229010274462
rac_decorr__topology,rac_decorr,topology,racs_bb-nodes_prop-I_scope-1_propagg-product_corragg-sum_bbagg-avg,rac,0.012905529701665986
rac_decorr__topology,rac_decorr,topology,racs_bb-nodes_prop-X_scope-1_propagg-diff_corragg-avg_bbagg-sum,rac,0.011757067901939294
rac_decorr__topology,rac_decorr,topology,racs_bb-nodes_prop-mod_pettifor_scope-2_propagg-product_corragg-avg_bbagg-avg,rac,0.011113995961435334
rac_decorr__topology,rac_decorr,topology,racs_bb-nodes_prop-mod_pettifor_scope-1_propagg-product_corragg-avg_bbagg-sum,rac,0.01091528023465329
rac_all__random,rac_all,random,racs_bb-nodes_prop-T_scope-3_propagg-product_corragg-avg_bbagg-avg,rac,0.20450341537038919
rac_all__random,rac_all,random,racs_bb-nodes_prop-T_scope-3_propagg-product_corragg-avg_bbagg-sum,rac,0.10775471053639729
rac_all__random,rac_all,random,racs_bb-nodes_prop-X_scope-3_propagg-product_corragg-avg_bbagg-avg,rac,0.09238905238708607
rac_all__random,rac_all,random,racs_bb-nodes_prop-X_scope-2_propagg-diff_corragg-avg_bbagg-avg,rac,0.07910579745943067
rac_all__random,rac_all,random,racs_bb-nodes_prop-T_scope-3_propagg-product_corragg-sum_bbagg-avg,rac,0.07809644116389637
rac_all__random,rac_all,random,racs_bb-nodes_prop-X_scope-2_propagg-diff_corragg-sum_bbagg-avg,rac,0.06268446765601875
rac_all__random,rac_all,random,racs_bb-nodes_prop-X_scope-3_propagg-diff_corragg-avg_bbagg-avg,rac,0.062296693508415386
rac_all__random,rac_all,random,racs_bb-nodes_prop-T_scope-2_propagg-product_corragg-avg_bbagg-avg,rac,0.057939666323660495
rac_all__random,rac_all,random,racs_bb-nodes_prop-mod_pettifor_scope-3_propagg-diff_corragg-avg_bbagg-avg,rac,0.054891315701605166
rac_all__random,rac_all,random,racs_bb-nodes_prop-T_scope-3_propagg-product_corragg-sum_bbagg-sum,rac,0.053707966077742905
rac_all__random,rac_all,random,racs_bb-nodes_prop-X_scope-3_propagg-diff_corragg-sum_bbagg-avg,rac,0.05183579300832109
rac_all__random,rac_all,random,racs_bb-nodes_prop-T_scope-3_propagg-diff_corragg-avg_bbagg-avg,rac,0.05168151288025853
rac_all__random,rac_all,random,racs_bb-nodes_prop-X_scope-2_propagg-product_corragg-avg_bbagg-avg,rac,0.05015252975810809
rac_all__random,rac_all,random,racs_bb-nodes_prop-mod_pettifor_scope-3_propagg-product_corragg-avg_bbagg-avg,rac,0.047266417966414946
rac_all__random,rac_all,random,racs_bb-nodes_prop-X_scope-1_propagg-product_corragg-sum_bbagg-avg,rac,0.039151262994505526
rac_all__random,rac_all,random,racs_bb-nodes_prop-mod_pettifor_scope-3_propagg-diff_corragg-sum_bbagg-avg,rac,0.03831199483775783
rac_all__random,rac_all,random,racs_bb-nodes_prop-mod_pettifor_scope-2_propagg-diff_corragg-avg_bbagg-avg,rac,0.03790738373534952
rac_all__random,rac_all,random,racs_bb-nodes_prop-X_scope-3_propagg-product_corragg-sum_bbagg-avg,rac,0.0367725055325288
rac_all__random,rac_all,random,racs_bb-nodes_prop-mod_pettifor_scope-1_propagg-product_corragg-sum_bbagg-avg,rac,0.03645085424222398
rac_all__random,rac_all,random,racs_bb-nodes_prop-X_scope-1_propagg-diff_corragg-avg_bbagg-avg,rac,0.03112330542250416
rac_all__random,rac_all,random,racs_bb-nodes_prop-T_scope-1_propagg-product_corragg-avg_bbagg-avg,rac,0.028701828900709388
rac_all__random,rac_all,random,racs_bb-nodes_prop-T_scope-2_propagg-diff_corragg-avg_bbagg-avg,rac,0.027383559114554996
rac_all__random,rac_all,random,racs_bb-nodes_prop-T_scope-2_propagg-product_corragg-sum_bbagg-avg,rac,0.027074919070461743
rac_all__random,rac_all,random,racs_bb-nodes_prop-T_scope-3_propagg-diff_corragg-avg_bbagg-sum,rac,0.02670133486340586
rac_all__random,rac_all,random,racs_bb-nodes_prop-mod_pettifor_scope-2_propagg-diff_corragg-sum_bbagg-avg,rac,0.026104266219256583
rac_all__random,rac_all,random,racs_bb-nodes_prop-T_scope-1_propagg-diff_corragg-avg_bbagg-sum,rac,0.022331792603161135
rac_all__random,rac_all,random,racs_bb-nodes_prop-mod_pettifor_scope-2_propagg-product_corragg-avg_bbagg-avg,rac,0.02155059416020717
rac_all__random,rac_all,random,racs_bb-nodes_prop-X_scope-2_propagg-product_corragg-sum_bbagg-avg,rac,0.021284526565736584
rac_all__random,rac_all,random,racs_bb-nodes_prop-mod_pettifor_scope-3_propagg-product_corragg-sum_bbagg-avg,rac,0.02095018270947591
rac_all__random,rac_all,random,racs_bb-nodes_prop-T_scope-2_propagg-product_corragg-avg_bbagg-sum,rac,0.020817291403795804
rac_all__random,rac_all,random,racs_bb-nodes_prop-T_scope-2_propagg-diff_corragg-avg_bbagg-sum,rac,0.019129406641771863
rac_all__random,rac_all,random,racs_bb-nodes_prop-X_scope-2_propagg-diff_corragg-sum_bbagg-sum,rac,0.017998769820861387
rac_all__random,rac_all,random,racs_bb-nodes_prop-X_scope-1_propagg-diff_corragg-sum_bbagg-avg,rac,0.017647475028354252
rac_all__random,rac_all,random,racs_bb-nodes_prop-mod_pettifor_scope-2_propagg-product_corragg-sum_bbagg-sum,rac,0.01745839355403838
rac_all__random,rac_all,random,racs_bb-nodes_prop-X_scope-3_propagg-product_corragg-avg_bbagg-sum,rac,0.015399494251544165
rac_all__random,rac_all,random,racs_bb-nodes_prop-mod_pettifor_scope-1_propagg-product_corragg-avg_bbagg-avg,rac,0.015245869860204056
rac_all__random,rac_all,random,racs_bb-nodes_prop-I_scope-1_propagg-product_corragg-sum_bbagg-avg,rac,0.015032383401826213
rac_all__random,rac_all,random,racs_bb-nodes_prop-T_scope-1_propagg-diff_corragg-sum_bbagg-sum,rac,0.014755528052322343
rac_all__random,rac_all,random,racs_bb-nodes_prop-X_scope-3_propagg-product_corragg-sum_bbagg-sum,rac,0.014581949632540777
rac_all__random,rac_all,random,racs_bb-nodes_prop-mod_pettifor_scope-1_propagg-diff_corragg-sum_bbagg-avg,rac,0.014112549116706825
rac_all__random,rac_all,random,racs_bb-nodes_prop-T_scope-1_propagg-product_corragg-avg_bbagg-sum,rac,0.013949606222138682
rac_all__random,rac_all,random,racs_bb-nodes_prop-mod_pettifor_scope-3_propagg-diff_corragg-avg_bbagg-sum,rac,0.013762419526446546
rac_all__random,rac_all,random,racs_bb-nodes_prop-T_scope-1_propagg-diff_corragg-avg_bbagg-avg,rac,0.013613041178886932
rac_all__random,rac_all,random,racs_bb-nodes_prop-X_scope-2_propagg-diff_corragg-avg_bbagg-sum,rac,0.013606011495375037
rac_all__random,rac_all,random,racs_bb-nodes_prop-T_scope-2_propagg-product_corragg-sum_bbagg-sum,rac,0.013510353226895856
rac_all__random,rac_all,random,racs_bb-nodes_prop-mod_pettifor_scope-2_propagg-diff_corragg-sum_bbagg-sum,rac,0.013348638680051742
rac_all__random,rac_all,random,racs_bb-nodes_prop-mod_pettifor_scope-1_propagg-diff_corragg-avg_bbagg-avg,rac,0.012800107193144884
rac_all__random,rac_all,random,racs_bb-nodes_prop-X_scope-2_propagg-product_corragg-sum_bbagg-sum,rac,0.012549667521838077
rac_all__random,rac_all,random,racs_bb-nodes_prop-T_scope-3_propagg-diff_corragg-sum_bbagg-avg,rac,0.012449985613979095
rac_all__random,rac_all,random,racs_bb-nodes_prop-mod_pettifor_scope-2_propagg-product_corragg-sum_bbagg-avg,rac,0.011952919090358553
rac_all__random,rac_all,random,racs_bb-nodes_prop-I_scope-3_propagg-product_corragg-sum_bbagg-avg,rac,0.011852226910887859
rac_all__random,rac_all,random,racs_bb-nodes_prop-T_scope-2_propagg-diff_corragg-sum_bbagg-avg,rac,0.011844921227868566
rac_all__random,rac_all,random,racs_bb-nodes_prop-T_scope-2_propagg-diff_corragg-sum_bbagg-sum,rac,0.011205415661395815
rac_all__random,rac_all,random,racs_bb-nodes_prop-mod_pettifor_scope-2_propagg-diff_corragg-avg_bbagg-sum,rac,0.010909622597902001
rac_all__random,rac_all,random,racs_bb-nodes_prop-mod_pettifor_scope-1_propagg-product_corragg-sum_bbagg-sum,rac,0.010609394993337762
rac_all__random,rac_all,random,racs_bb-nodes_prop-I_scope-2_propagg-product_corragg-sum_bbagg-avg,rac,0.010538386326470525
rac_all__random,rac_all,random,racs_bb-nodes_prop-X_scope-1_propagg-diff_corragg-avg_bbagg-sum,rac,0.01032833430847508
rac_all__random,rac_all,random,racs_bb-nodes_prop-mod_pettifor_scope-2_propagg-product_corragg-avg_bbagg-sum,rac,0.010117352990233265
rac_all__random,rac_all,random,racs_bb-nodes_prop-mod_pettifor_scope-3_propagg-diff_corragg-sum_bbagg-sum,rac,0.010000630206146683
rac_all__random,rac_all,random,racs_bb-nodes_prop-X_scope-1_propagg-product_corragg-avg_bbagg-avg,rac,0.009780534686971072
rac_all__random,rac_all,random,racs_bb-nodes_prop-T_scope-3_propagg-diff_corragg-sum_bbagg-sum,rac,0.009749534764256506
rac_all__random,rac_all,random,racs_bb-nodes_prop-I_scope-2_propagg-product_corragg-sum_bbagg-sum,rac,0.009614338009528106
rac_all__random,rac_all,random,racs_bb-nodes_prop-X_scope-1_propagg-product_corragg-sum_bbagg-sum,rac,0.009411760827000097
rac_all__random,rac_all,random,racs_bb-nodes_prop-T_scope-1_propagg-product_corragg-sum_bbagg-avg,rac,0.008786113822564393
rac_all__random,rac_all,random,racs_bb-nodes_prop-T_scope-1_propagg-diff_corragg-sum_bbagg-avg,rac,0.008603151910295084
rac_all__random,rac_all,random,racs_bb-nodes_prop-X_scope-2_propagg-product_corragg-avg_bbagg-sum,rac,0.00851587314283155
rac_all__random,rac_all,random,racs_bb-nodes_prop-mod_pettifor_scope-1_propagg-product_corragg-avg_bbagg-sum,rac,0.00849067381154631
rac_all__random,rac_all,random,racs_bb-nodes_prop-I_scope-1_propagg-product_corragg-sum_bbagg-sum,rac,0.008295546176926724
rac_all__random,rac_all,random,racs_bb-nodes_prop-mod_pettifor_scope-3_propagg-product_corragg-sum_bbagg-sum,rac,0.007986072742312611
rac_all__random,rac_all,random,racs_bb-nodes_prop-mod_pettifor_scope-1_propagg-diff_corragg-avg_bbagg-sum,rac,0.007851764556111609
rac_all__random,rac_all,random,racs_bb-nodes_prop-X_scope-3_propagg-diff_corragg-avg_bbagg-sum,rac,0.007820573527655772
rac_all__random,rac_all,random,racs_bb-nodes_prop-T_scope-1_propagg-product_corragg-sum_bbagg-sum,rac,0.007528999330802876
rac_all__random,rac_all,random,racs_bb-nodes_prop-I_scope-3_propagg-product_corragg-sum_bbagg-sum,rac,0.006876183415436299
rac_all__random,rac_all,random,racs_bb-nodes_prop-X_scope-1_propagg-product_corragg-avg_bbagg-sum,rac,0.006615856330891548
rac_all__random,rac_all,random,racs_bb-nodes_prop-I_scope-1_propagg-product_corragg-avg_bbagg-sum,rac,0.006362812608600379
rac_all__random,rac_all,random,racs_bb-nodes_prop-I_scope-3_propagg-product_corragg-avg_bbagg-sum,rac,0.006232415466084911
rac_all__random,rac_all,random,racs_bb-nodes_prop-I_scope-2_propagg-product_corragg-avg_bbagg-sum,rac,0.005640300867343663
rac_all__random,rac_all,random,racs_bb-nodes_prop-X_scope-3_propagg-diff_corragg-sum_bbagg-sum,rac,0.0055003570669401826
rac_all__random,rac_all,random,racs_bb-nodes_prop-X_scope-1_propagg-diff_corragg-sum_bbagg-sum,rac,0.005402079294843605
rac_all__random,rac_all,random,racs_bb-nodes_prop-mod_pettifor_scope-3_propagg-product_corragg-avg_bbagg-sum,rac,0.004596810191645519
rac_all__random,rac_all,random,racs_bb-nodes_prop-mod_pettifor_scope-1_propagg-diff_corragg-sum_bbagg-sum,rac,0.0032462043516816906
rac_all__metal,rac_all,metal,racs_bb-nodes_prop-X_scope-1_propagg-diff_corragg-avg_bbagg-avg,rac,0.24837921959875758
rac_all__metal,rac_all,metal,racs_bb-nodes_prop-T_scope-3_propagg-product_corragg-avg_bbagg-avg,rac,0.17387697883723507
rac_all__metal,rac_all,metal,racs_bb-nodes_prop-X_scope-1_propagg-product_corragg-avg_bbagg-avg,rac,0.15953260933633692
rac_all__metal,rac_all,metal,racs_bb-nodes_prop-T_scope-2_propagg-product_corragg-avg_bbagg-avg,rac,0.11622217415951386
rac_all__metal,rac_all,metal,racs_bb-nodes_prop-T_scope-3_propagg-product_corragg-avg_bbagg-sum,rac,0.11351717646209109
rac_all__metal,rac_all,metal,racs_bb-nodes_prop-X_scope-3_propagg-product_corragg-avg_bbagg-avg,rac,0.1039133015677429
rac_all__metal,rac_all,metal,racs_bb-nodes_prop-X_scope-2_propagg-product_corragg-avg_bbagg-avg,rac,0.09730485157665139
rac_all__metal,rac_all,metal,racs_bb-nodes_prop-X_scope-1_propagg-product_corragg-sum_bbagg-avg,rac,0.08849673323578967
rac_all__metal,rac_all,metal,racs_bb-nodes_prop-X_scope-3_propagg-diff_corragg-avg_bbagg-avg,rac,0.06810048444384086
rac_all__metal,rac_all,metal,racs_bb-nodes_prop-T_scope-3_propagg-product_corragg-sum_bbagg-avg,rac,0.05656415509818731
rac_all__metal,rac_all,metal,racs_bb-nodes_prop-mod_pettifor_scope-3_propagg-product_corragg-avg_bbagg-avg,rac,0.05555563336700029
rac_all__metal,rac_all,metal,racs_bb-nodes_prop-T_scope-3_propagg-product_corragg-sum_bbagg-sum,rac,0.05543326655331162
rac_all__metal,rac_all,metal,racs_bb-nodes_prop-T_scope-2_propagg-product_corragg-sum_bbagg-avg,rac,0.04735428234319685
rac_all__metal,rac_all,metal,racs_bb-nodes_prop-mod_pettifor_scope-3_propagg-diff_corragg-avg_bbagg-avg,rac,0.04567093201258833
rac_all__metal,rac_all,metal,racs_bb-nodes_prop-X_scope-2_propagg-diff_corragg-avg_bbagg-sum,rac,0.0417838703979309
rac_all__metal,rac_all,metal,racs_bb-nodes_prop-T_scope-3_propagg-diff_corragg-avg_bbagg-avg,rac,0.0413810798990122
rac_all__metal,rac_all,metal,racs_bb-nodes_prop-X_scope-3_propagg-diff_corragg-sum_bbagg-avg,rac,0.0390709020716117
rac_all__metal,rac_all,metal,racs_bb-nodes_prop-T_scope-2_propagg-diff_corragg-avg_bbagg-avg,rac,0.03888193214079045
rac_all__metal,rac_all,metal,racs_bb-nodes_prop-mod_pettifor_scope-2_propagg-diff_corragg-avg_bbagg-avg,rac,0.03646376582867771
rac_all__metal,rac_all,metal,racs_bb-nodes_prop-mod_pettifor_scope-3_propagg-product_corragg-sum_bbagg-avg,rac,0.0355653591910914
rac_all__metal,rac_all,metal,racs_bb-nodes_prop-mod_pettifor_scope-3_propagg-product_corragg-avg_bbagg-sum,rac,0.0351464054114932
rac_all__metal,rac_all,metal,racs_bb-nodes_prop-mod_pettifor_scope-1_propagg-product_corragg-sum_bbagg-avg,rac,0.03377645311052903
rac_all__metal,rac_all,metal,racs_bb-nodes_prop-T_scope-2_propagg-product_corragg-avg_bbagg-sum,rac,0.0324371349554639
rac_all__metal,rac_all,metal,racs_bb-nodes_prop-mod_pettifor_scope-2_propagg-diff_corragg-sum_bbagg-avg,rac,0.029920039580817487
rac_all__metal,rac_all,metal,racs_bb-nodes_prop-T_scope-1_propagg-product_corragg-avg_bbagg-sum,rac,0.025312821783159065
rac_all__metal,rac_all,metal,racs_bb-nodes_prop-T_scope-1_propagg-product_corragg-avg_bbagg-avg,rac,0.024876555324683903
rac_all__metal,rac_all,metal,racs_bb-nodes_prop-mod_pettifor_scope-3_propagg-diff_corragg-sum_bbagg-avg,rac,0.02419781807297874
rac_all__metal,rac_all,metal,racs_bb-nodes_prop-T_scope-2_propagg-product_corragg-sum_bbagg-sum,rac,0.024010329884208474
rac_all__metal,rac_all,metal,racs_bb-nodes_prop-I_scope-1_propagg-product_corragg-sum_bbagg-avg,rac,0.023896358517306957
rac_all__metal,rac_all,metal,racs_bb-nodes_prop-X_scope-2_propagg-diff_corragg-sum_bbagg-sum,rac,0.02303659463364121
rac_all__metal,rac_all,metal,racs_bb-nodes_prop-X_scope-2_propagg-diff_corragg-avg_bbagg-avg,rac,0.02272336725014374
rac_all__metal,rac_all,metal,racs_bb-nodes_prop-T_scope-2_propagg-diff_corragg-avg_bbagg-sum,rac,0.022601427072932345
rac_all__metal,rac_all,metal,racs_bb-nodes_prop-X_scope-2_propagg-product_corragg-sum_bbagg-avg,rac,0.022516634380726704
rac_all__metal,rac_all,metal,racs_bb-nodes_prop-T_scope-2_propagg-diff_corragg-sum_bbagg-sum,rac,0.022111063736865364
rac_all__metal,rac_all,metal,racs_bb-nodes_prop-mod_pettifor_scope-3_propagg-product_corragg-sum_bbagg-sum,rac,0.021815987038877695
rac_all__metal,rac_all,metal,racs_bb-nodes_prop-T_scope-1_propagg-diff_corragg-avg_bbagg-avg,rac,0.021501833777067006
rac_all__metal,rac_all,metal,racs_bb-nodes_prop-mod_pettifor_scope-1_propagg-product_corragg-sum_bbagg-sum,rac,0.021174254143209694
rac_all__metal,rac_all,metal,racs_bb-nodes_prop-I_scope-3_propagg-product_corragg-avg_bbagg-sum,rac,0.017822974832275615
rac_all__metal,rac_all,metal,racs_bb-nodes_prop-I_scope-2_propagg-product_corragg-sum_bbagg-avg,rac,0.01709949397185898
rac_all__metal,rac_all,metal,racs_bb-nodes_prop-I_scope-1_propagg-product_corragg-sum_bbagg-sum,rac,0.017039035241538325
rac_all__metal,rac_all,metal,racs_bb-nodes_prop-X_scope-1_propagg-product_corragg-sum_bbagg-sum,rac,0.016860768033401387
rac_all__metal,rac_all,metal,racs_bb-nodes_prop-mod_pettifor_scope-1_propagg-product_corragg-avg_bbagg-sum,rac,0.0168377069687456
rac_all__metal,rac_all,metal,racs_bb-nodes_prop-X_scope-3_propagg-diff_corragg-avg_bbagg-sum,rac,0.01632283702679755
rac_all__metal,rac_all,metal,racs_bb-nodes_prop-X_scope-2_propagg-diff_corragg-sum_bbagg-avg,rac,0.015815146369389983
rac_all__metal,rac_all,metal,racs_bb-nodes_prop-mod_pettifor_scope-2_propagg-product_corragg-sum_bbagg-sum,rac,0.015530117731945878
rac_all__metal,rac_all,metal,racs_bb-nodes_prop-T_scope-1_propagg-diff_corragg-avg_bbagg-sum,rac,0.015055789151481818
rac_all__metal,rac_all,metal,racs_bb-nodes_prop-mod_pettifor_scope-2_propagg-diff_corragg-avg_bbagg-sum,rac,0.014448077793852241
rac_all__metal,rac_all,metal,racs_bb-nodes_prop-T_scope-1_propagg-diff_corragg-sum_bbagg-avg,rac,0.014192937403302413
rac_all__metal,rac_all,metal,racs_bb-nodes_prop-X_scope-3_propagg-product_corragg-sum_bbagg-avg,rac,0.013913316280205961
rac_all__metal,rac_all,metal,racs_bb-nodes_prop-X_scope-3_propagg-product_corragg-avg_bbagg-sum,rac,0.013394190062115065
rac_all__metal,rac_all,metal,racs_bb-nodes_prop-mod_pettifor_scope-1_propagg-product_corragg-avg_bbagg-avg,rac,0.013252328830460318
rac_all__metal,rac_all,metal,racs_bb-nodes_prop-X_scope-2_propagg-product_corragg-sum_bbagg-sum,rac,0.01309356873615509
rac_all__metal,rac_all,metal,racs_bb-nodes_prop-X_scope-1_propagg-diff_corragg-sum_bbagg-avg,rac,0.013071138939559898
rac_all__metal,rac_all,metal,racs_bb-nodes_prop-I_scope-3_propagg-product_corragg-sum_bbagg-avg,rac,0.011780677173153368
rac_all__metal,rac_all,metal,racs_bb-nodes_prop-X_scope-3_propagg-diff_corragg-sum_bbagg-sum,rac,0.011627422503881941
rac_all__metal,rac_all,metal,racs_bb-nodes_prop-mod_pettifor_scope-2_propagg-diff_corragg-sum_bbagg-sum,rac,0.01159550162059674
rac_all__metal,rac_all,metal,racs_bb-nodes_prop-I_scope-2_propagg-product_corragg-sum_bbagg-sum,rac,0.011537278981399808
rac_all__metal,rac_all,metal,racs_bb-nodes_prop-T_scope-3_propagg-diff_corragg-sum_bbagg-sum,rac,0.011490803871039089
rac_all__metal,rac_all,metal,racs_bb-nodes_prop-T_scope-2_propagg-diff_corragg-sum_bbagg-avg,rac,0.011205605862510432
rac_all__metal,rac_all,metal,racs_bb-nodes_prop-T_scope-3_propagg-diff_corragg-avg_bbagg-sum,rac,0.01119416216246432
rac_all__metal,rac_all,metal,racs_bb-nodes_prop-I_scope-3_propagg-product_corragg-sum_bbagg-sum,rac,0.011074571918190907
rac_all__metal,rac_all,metal,racs_bb-nodes_prop-mod_pettifor_scope-3_propagg-diff_corragg-avg_bbagg-sum,rac,0.011009754582802275
rac_all__metal,rac_all,metal,racs_bb-nodes_prop-mod_pettifor_scope-2_propagg-product_corragg-avg_bbagg-sum,rac,0.010830216871089909
rac_all__metal,rac_all,metal,racs_bb-nodes_prop-mod_pettifor_scope-1_propagg-diff_corragg-avg_bbagg-avg,rac,0.010580471153714363
rac_all__metal,rac_all,metal,racs_bb-nodes_prop-X_scope-1_propagg-diff_corragg-sum_bbagg-sum,rac,0.010401494905901509
rac_all__metal,rac_all,metal,racs_bb-nodes_prop-mod_pettifor_scope-3_propagg-diff_corragg-sum_bbagg-sum,rac,0.010313400108106992
rac_all__metal,rac_all,metal,racs_bb-nodes_prop-X_scope-1_propagg-diff_corragg-avg_bbagg-sum,rac,0.010169887947290185
rac_all__metal,rac_all,metal,racs_bb-nodes_prop-I_scope-1_propagg-product_corragg-avg_bbagg-sum,rac,0.010117145815762858
rac_all__metal,rac_all,metal,racs_bb-nodes_prop-X_scope-1_propagg-product_corragg-avg_bbagg-sum,rac,0.009926646365875437
rac_all__metal,rac_all,metal,racs_bb-nodes_prop-mod_pettifor_scope-1_propagg-diff_corragg-avg_bbagg-sum,rac,0.00974871522222505
rac_all__metal,rac_all,metal,racs_bb-nodes_prop-I_scope-2_propagg-product_corragg-avg_bbagg-sum,rac,0.009745778306237478
rac_all__metal,rac_all,metal,racs_bb-nodes_prop-T_scope-3_propagg-diff_corragg-sum_bbagg-avg,rac,0.00960306151636416
rac_all__metal,rac_all,metal,racs_bb-nodes_prop-mod_pettifor_scope-1_propagg-diff_corragg-sum_bbagg-avg,rac,0.008940889714416268
rac_all__metal,rac_all,metal,racs_bb-nodes_prop-mod_pettifor_scope-2_propagg-product_corragg-avg_bbagg-avg,rac,0.008874153649825188
rac_all__metal,rac_all,metal,racs_bb-nodes_prop-X_scope-2_propagg-product_corragg-avg_bbagg-sum,rac,0.008862767525543647
rac_all__metal,rac_all,metal,racs_bb-nodes_prop-T_scope-1_propagg-product_corragg-sum_bbagg-sum,rac,0.008188677542873788
rac_all__metal,rac_all,metal,racs_bb-nodes_prop-X_scope-3_propagg-product_corragg-sum_bbagg-sum,rac,0.007908747124888373
rac_all__metal,rac_all,metal,racs_bb-nodes_prop-T_scope-1_propagg-diff_corragg-sum_bbagg-sum,rac,0.007429315505922903
rac_all__metal,rac_all,metal,racs_bb-nodes_prop-T_scope-1_propagg-product_corragg-sum_bbagg-avg,rac,0.005412046417852455
rac_all__metal,rac_all,metal,racs_bb-nodes_prop-mod_pettifor_scope-2_propagg-product_corragg-sum_bbagg-avg,rac,0.005298748999157602
rac_all__metal,rac_all,metal,racs_bb-nodes_prop-mod_pettifor_scope-1_propagg-diff_corragg-sum_bbagg-sum,rac,0.003921885938291192
rac_all__topology,rac_all,topology,racs_bb-nodes_prop-T_scope-3_propagg-product_corragg-avg_bbagg-avg,rac,0.27243740072507217
rac_all__topology,rac_all,topology,racs_bb-nodes_prop-T_scope-3_propagg-product_corragg-avg_bbagg-sum,rac,0.14044125962777404
rac_all__topology,rac_all,topology,racs_bb-nodes_prop-T_scope-2_propagg-product_corragg-avg_bbagg-avg,rac,0.07656296988418139
rac_all__topology,rac_all,topology,racs_bb-nodes_prop-T_scope-1_propagg-diff_corragg-avg_bbagg-sum,rac,0.07254152359282684
rac_all__topology,rac_all,topology,racs_bb-nodes_prop-X_scope-2_propagg-diff_corragg-sum_bbagg-avg,rac,0.07164725684439238
rac_all__topology,rac_all,topology,racs_bb-nodes_prop-T_scope-3_propagg-product_corragg-sum_bbagg-avg,rac,0.07128962651253826
rac_all__topology,rac_all,topology,racs_bb-nodes_prop-T_scope-3_propagg-product_corragg-sum_bbagg-sum,rac,0.05352261944031953
rac_all__topology,rac_all,topology,racs_bb-nodes_prop-X_scope-3_propagg-product_corragg-avg_bbagg-avg,rac,0.0512632665678139
rac_all__topology,rac_all,topology,racs_bb-nodes_prop-T_scope-2_propagg-product_corragg-sum_bbagg-avg,rac,0.0511819396571748
rac_all__topology,rac_all,topology,racs_bb-nodes_prop-T_scope-3_propagg-diff_corragg-avg_bbagg-sum,rac,0.0452766785022753
rac_all__topology,rac_all,topology,racs_bb-nodes_prop-X_scope-2_propagg-diff_corragg-avg_bbagg-avg,rac,0.03863724895354422
rac_all__topology,rac_all,topology,racs_bb-nodes_prop-T_scope-1_propagg-product_corragg-avg_bbagg-sum,rac,0.03715063743393919
rac_all__topology,rac_all,topology,racs_bb-nodes_prop-T_scope-3_propagg-diff_corragg-avg_bbagg-avg,rac,0.03520488007300417
rac_all__topology,rac_all,topology,racs_bb-nodes_prop-T_scope-1_propagg-diff_corragg-sum_bbagg-sum,rac,0.03322173103422242
rac_all__topology,rac_all,topology,racs_bb-nodes_prop-mod_pettifor_scope-2_propagg-product_corragg-sum_bbagg-sum,rac,0.032381135392191215
rac_all__topology,rac_all,topology,racs_bb-nodes_prop-X_scope-3_propagg-product_corragg-avg_bbagg-sum,rac,0.03009148670274503
rac_all__topology,rac_all,topology,racs_bb-nodes_prop-X_scope-2_propagg-diff_corragg-sum_bbagg-sum,rac,0.02981650466172354
rac_all__topology,rac_all,topology,racs_bb-nodes_prop-X_scope-2_propagg-product_corragg-avg_bbagg-avg,rac,0.029050885550247006
rac_all__topology,rac_all,topology,racs_bb-nodes_prop-I_scope-1_propagg-product_corragg-sum_bbagg-sum,rac,0.027789265804936174
rac_all__topology,rac_all,topology,racs_bb-nodes_prop-I_scope-3_propagg-product_corragg-avg_bbagg-sum,rac,0.026966791687250545
rac_all__topology,rac_all,topology,racs_bb-nodes_prop-X_scope-3_propagg-diff_corragg-avg_bbagg-avg,rac,0.02464649673026014
rac_all__topology,rac_all,topology,racs_bb-nodes_prop-X_scope-1_propagg-product_corragg-sum_bbagg-sum,rac,0.024256751311071165
rac_all__topology,rac_all,topology,racs_bb-nodes_prop-T_scope-2_propagg-product_corragg-avg_bbagg-sum,rac,0.023783837281971604
rac_all__topology,rac_all,topology,racs_bb-nodes_prop-X_scope-2_propagg-diff_corragg-avg_bbagg-sum,rac,0.023062459510730993
rac_all__topology,rac_all,topology,racs_bb-nodes_prop-X_scope-3_propagg-diff_corragg-avg_bbagg-sum,rac,0.022591890408278845
rac_all__topology,rac_all,topology,racs_bb-nodes_prop-X_scope-1_propagg-diff_corragg-avg_bbagg-avg,rac,0.022372782047858898
rac_all__topology,rac_all,topology,racs_bb-nodes_prop-mod_pettifor_scope-1_propagg-product_corragg-avg_bbagg-sum,rac,0.021831961113815645
rac_all__topology,rac_all,topology,racs_bb-nodes_prop-T_scope-2_propagg-diff_corragg-avg_bbagg-avg,rac,0.021513789786466002
rac_all__topology,rac_all,topology,racs_bb-nodes_prop-X_scope-3_propagg-diff_corragg-sum_bbagg-avg,rac,0.021265353858071292
rac_all__topology,rac_all,topology,racs_bb-nodes_prop-mod_pettifor_scope-3_propagg-product_corragg-sum_bbagg-avg,rac,0.020350690702029387
rac_all__topology,rac_all,topology,racs_bb-nodes_prop-X_scope-3_propagg-product_corragg-sum_bbagg-avg,rac,0.020245847209529003
rac_all__topology,rac_all,topology,racs_bb-nodes_prop-mod_pettifor_scope-1_propagg-product_corragg-sum_bbagg-avg,rac,0.020078003097311226
rac_all__topology,rac_all,topology,racs_bb-nodes_prop-T_scope-2_propagg-diff_corragg-avg_bbagg-sum,rac,0.020071012016783105
rac_all__topology,rac_all,topology,racs_bb-nodes_prop-mod_pettifor_scope-3_propagg-product_corragg-avg_bbagg-sum,rac,0.019987593631411154
rac_all__topology,rac_all,topology,racs_bb-nodes_prop-mod_pettifor_scope-3_propagg-diff_corragg-avg_bbagg-avg,rac,0.019747628819740286
rac_all__topology,rac_all,topology,racs_bb-nodes_prop-mod_pettifor_scope-3_propagg-product_corragg-sum_bbagg-sum,rac,0.019403430379179624
rac_all__topology,rac_all,topology,racs_bb-nodes_prop-T_scope-2_propagg-diff_corragg-sum_bbagg-avg,rac,0.018052906519541712
rac_all__topology,rac_all,topology,racs_bb-nodes_prop-X_scope-1_propagg-diff_corragg-sum_bbagg-sum,rac,0.017118395819423038
rac_all__topology,rac_all,topology,racs_bb-nodes_prop-X_scope-2_propagg-product_corragg-sum_bbagg-avg,rac,0.017047511864698533
rac_all__topology,rac_all,topology,racs_bb-nodes_prop-X_scope-2_propagg-product_corragg-sum_bbagg-sum,rac,0.016646123820923422
rac_all__topology,rac_all,topology,racs_bb-nodes_prop-I_scope-3_propagg-product_corragg-sum_bbagg-avg,rac,0.016099854503346625
rac_all__topology,rac_all,topology,racs_bb-nodes_prop-mod_pettifor_scope-1_propagg-product_corragg-sum_bbagg-sum,rac,0.015986739276754404
rac_all__topology,rac_all,topology,racs_bb-nodes_prop-X_scope-1_propagg-product_corragg-sum_bbagg-avg,rac,0.015932452787568475
rac_all__topology,rac_all,topology,racs_bb-nodes_prop-mod_pettifor_scope-3_propagg-product_corragg-avg_bbagg-avg,rac,0.015461632499620844
rac_all__topology,rac_all,topology,racs_bb-nodes_prop-mod_pettifor_scope-2_propagg-diff_corragg-avg_bbagg-sum,rac,0.015315455582007698
rac_all__topology,rac_all,topology,racs_bb-nodes_prop-mod_pettifor_scope-2_propagg-product_corragg-avg_bbagg-sum,rac,0.015166216696342348
rac_all__topology,rac_all,topology,racs_bb-nodes_prop-T_scope-1_propagg-product_corragg-avg_bbagg-avg,rac,0.014953480794864839
rac_all__topology,rac_all,topology,racs_bb-nodes_prop-T_scope-2_propagg-diff_corragg-sum_bbagg-sum,rac,0.014447811533254177
rac_all__topology,rac_all,topology,racs_bb-nodes_prop-I_scope-2_propagg-product_corragg-sum_bbagg-avg,rac,0.014355953065763828
rac_all__topology,rac_all,topology,racs_bb-nodes_prop-mod_pettifor_scope-3_propagg-diff_corragg-avg_bbagg-sum,rac,0.014324966810876336
rac_all__topology,rac_all,topology,racs_bb-nodes_prop-T_scope-1_propagg-diff_corragg-avg_bbagg-avg,rac,0.01424803686030075
rac_all__topology,rac_all,topology,racs_bb-nodes_prop-X_scope-2_propagg-product_corragg-avg_bbagg-sum,rac,0.013405862043131449
rac_all__topology,rac_all,topology,racs_bb-nodes_prop-T_scope-2_propagg-product_corragg-sum_bbagg-sum,rac,0.012861916939704501
rac_all__topology,rac_all,topology,racs_bb-nodes_prop-I_scope-2_propagg-product_corragg-sum_bbagg-sum,rac,0.012638893659445991
rac_all__topology,rac_all,topology,racs_bb-nodes_prop-T_scope-3_propagg-diff_corragg-sum_bbagg-sum,rac,0.01250864927149727
rac_all__topology,rac_all,topology,racs_bb-nodes_prop-T_scope-3_propagg-diff_corragg-sum_bbagg-avg,rac,0.012331588033143442
rac_all__topology,rac_all,topology,racs_bb-nodes_prop-mod_pettifor_scope-1_propagg-diff_corragg-avg_bbagg-sum,rac,0.01188790285048054
rac_all__topology,rac_all,topology,racs_bb-nodes_prop-I_scope-3_propagg-product_corragg-sum_bbagg-sum,rac,0.011829173622427044
rac_all__topology,rac_all,topology,racs_bb-nodes_prop-I_scope-2_propagg-product_corragg-avg_bbagg-sum,rac,0.011809282682227668
rac_all__topology,rac_all,topology,racs_bb-nodes_prop-X_scope-1_propagg-product_corragg-avg_bbagg-avg,rac,0.011639328016248483
rac_all__topology,rac_all,topology,racs_bb-nodes_prop-X_scope-1_propagg-diff_corragg-avg_bbagg-sum,rac,0.011531030409559096
rac_all__topology,rac_all,topology,racs_bb-nodes_prop-T_scope-1_propagg-product_corragg-sum_bbagg-sum,rac,0.011439244241788514
rac_all__topology,rac_all,topology,racs_bb-nodes_prop-X_scope-1_propagg-product_corragg-avg_bbagg-sum,rac,0.011098715264759446
rac_all__topology,rac_all,topology,racs_bb-nodes_prop-mod_pettifor_scope-3_propagg-diff_corragg-sum_bbagg-avg,rac,0.011085884628467681
rac_all__topology,rac_all,topology,racs_bb-nodes_prop-mod_pettifor_scope-2_propagg-diff_corragg-sum_bbagg-avg,rac,0.011057486168891205
rac_all__topology,rac_all,topology,racs_bb-nodes_prop-mod_pettifor_scope-2_propagg-diff_corragg-avg_bbagg-avg,rac,0.010280185900699288
rac_all__topology,rac_all,topology,racs_bb-nodes_prop-I_scope-1_propagg-product_corragg-avg_bbagg-sum,rac,0.009867156918008232
rac_all__topology,rac_all,topology,racs_bb-nodes_prop-mod_pettifor_scope-1_propagg-diff_corragg-avg_bbagg-avg,rac,0.009259616657105597
rac_all__topology,rac_all,topology,racs_bb-nodes_prop-X_scope-1_propagg-diff_corragg-sum_bbagg-avg,rac,0.008948943135815662
rac_all__topology,rac_all,topology,racs_bb-nodes_prop-mod_pettifor_scope-2_propagg-diff_corragg-sum_bbagg-sum,rac,0.008702289065426031
rac_all__topology,rac_all,topology,racs_bb-nodes_prop-I_scope-1_propagg-product_corragg-sum_bbagg-avg,rac,0.008641475353241399
rac_all__topology,rac_all,topology,racs_bb-nodes_prop-mod_pettifor_scope-2_propagg-product_corragg-avg_bbagg-avg,rac,0.00842684360885103
rac_all__topology,rac_all,topology,racs_bb-nodes_prop-X_scope-3_propagg-diff_corragg-sum_bbagg-sum,rac,0.008410631219743584
rac_all__topology,rac_all,topology,racs_bb-nodes_prop-X_scope-3_propagg-product_corragg-sum_bbagg-sum,rac,0.007819183523461016
rac_all__topology,rac_all,topology,racs_bb-nodes_prop-mod_pettifor_scope-1_propagg-product_corragg-avg_bbagg-avg,rac,0.006524160960507389
rac_all__topology,rac_all,topology,racs_bb-nodes_prop-mod_pettifor_scope-2_propagg-product_corragg-sum_bbagg-avg,rac,0.0065064790646359545
rac_all__topology,rac_all,topology,racs_bb-nodes_prop-mod_pettifor_scope-1_propagg-diff_corragg-sum_bbagg-avg,rac,0.005992985170959575
rac_all__topology,rac_all,topology,racs_bb-nodes_prop-mod_pettifor_scope-3_propagg-diff_corragg-sum_bbagg-sum,rac,0.00562066697731081
rac_all__topology,rac_all,topology,racs_bb-nodes_prop-T_scope-1_propagg-diff_corragg-sum_bbagg-avg,rac,0.005363601838680842
rac_all__topology,rac_all,topology,racs_bb-nodes_prop-mod_pettifor_scope-1_propagg-diff_corragg-sum_bbagg-sum,rac,0.0044421809601246885
rac_all__topology,rac_all,topology,racs_bb-nodes_prop-T_scope-1_propagg-product_corragg-sum_bbagg-avg,rac,0.0032829626116811852
combined_decorr__random,combined_decorr,random,void_fraction,geo,0.4662211863904603
combined_decorr__random,combined_decorr,random,pld,geo,0.2755738189572384
combined_decorr__random,combined_decorr,random,surface_area_m2g,geo,0.19994360669633646
combined_decorr__random,combined_decorr,random,surface_area_m2cm3,geo,0.17916771190188702
combined_decorr__random,combined_decorr,random,density_g_cm3,geo,0.1668526081863547
combined_decorr__random,combined_decorr,random,racs_bb-nodes_prop-T_scope-3_propagg-product_corragg-avg_bbagg-avg,rac,0.14919419150362065
combined_decorr__random,combined_decorr,random,racs_bb-nodes_prop-X_scope-3_propagg-product_corragg-avg_bbagg-avg,rac,0.09040518013678044
combined_decorr__random,combined_decorr,random,racs_bb-nodes_prop-T_scope-3_propagg-product_corragg-avg_bbagg-sum,rac,0.07162604504251438
combined_decorr__random,combined_decorr,random,racs_bb-nodes_prop-T_scope-3_propagg-diff_corragg-avg_bbagg-avg,rac,0.07113243387152642
combined_decorr__random,combined_decorr,random,racs_bb-nodes_prop-X_scope-3_propagg-diff_corragg-sum_bbagg-avg,rac,0.06764233809755306
combined_decorr__random,combined_decorr,random,racs_bb-nodes_prop-X_scope-2_propagg-diff_corragg-sum_bbagg-avg,rac,0.05919080116749077
combined_decorr__random,combined_decorr,random,racs_bb-nodes_prop-X_scope-2_propagg-diff_corragg-avg_bbagg-avg,rac,0.052023542777137784
combined_decorr__random,combined_decorr,random,racs_bb-nodes_prop-T_scope-2_propagg-product_corragg-avg_bbagg-avg,rac,0.0471967174943235
combined_decorr__random,combined_decorr,random,racs_bb-nodes_prop-mod_pettifor_scope-1_propagg-diff_corragg-avg_bbagg-avg,rac,0.033149953691832976
combined_decorr__random,combined_decorr,random,racs_bb-nodes_prop-X_scope-1_propagg-product_corragg-sum_bbagg-avg,rac,0.032195628061641404
combined_decorr__random,combined_decorr,random,racs_bb-nodes_prop-X_scope-3_propagg-product_corragg-sum_bbagg-avg,rac,0.028119303206069594
combined_decorr__random,combined_decorr,random,racs_bb-nodes_prop-X_scope-1_propagg-diff_corragg-avg_bbagg-avg,rac,0.027208579152417645
combined_decorr__random,combined_decorr,random,racs_bb-nodes_prop-X_scope-1_propagg-diff_corragg-avg_bbagg-sum,rac,0.02612709899251292
combined_decorr__random,combined_decorr,random,racs_bb-nodes_prop-X_scope-2_propagg-diff_corragg-avg_bbagg-sum,rac,0.026120330988117824
combined_decorr__random,combined_decorr,random,racs_bb-nodes_prop-X_scope-2_propagg-product_corragg-avg_bbagg-avg,rac,0.024858155566334608
combined_decorr__random,combined_decorr,random,racs_bb-nodes_prop-T_scope-2_propagg-diff_corragg-avg_bbagg-sum,rac,0.02264760281237001
combined_decorr__random,combined_decorr,random,racs_bb-nodes_prop-mod_pettifor_scope-2_propagg-diff_corragg-avg_bbagg-sum,rac,0.022322797163893418
combined_decorr__random,combined_decorr,random,racs_bb-nodes_prop-T_scope-1_propagg-diff_corragg-avg_bbagg-avg,rac,0.02205812048959529
combined_decorr__random,combined_decorr,random,racs_bb-nodes_prop-X_scope-2_propagg-diff_corragg-sum_bbagg-sum,rac,0.020894702014627915
combined_decorr__random,combined_decorr,random,racs_bb-nodes_prop-T_scope-2_propagg-diff_corragg-avg_bbagg-avg,rac,0.020555745728664022
combined_decorr__random,combined_decorr,random,racs_bb-nodes_prop-mod_pettifor_scope-3_propagg-diff_corragg-sum_bbagg-avg,rac,0.02028963881776737
combined_decorr__random,combined_decorr,random,racs_bb-nodes_prop-mod_pettifor_scope-3_propagg-product_corragg-sum_bbagg-avg,rac,0.019165051523083114
combined_decorr__random,combined_decorr,random,racs_bb-nodes_prop-mod_pettifor_scope-2_propagg-product_corragg-sum_bbagg-avg,rac,0.018798780690326963
combined_decorr__random,combined_decorr,random,racs_bb-nodes_prop-mod_pettifor_scope-2_propagg-product_corragg-sum_bbagg-sum,rac,0.01843105080913828
combined_decorr__random,combined_decorr,random,racs_bb-nodes_prop-T_scope-2_propagg-diff_corragg-sum_bbagg-sum,rac,0.015173709815923897
combined_decorr__random,combined_decorr,random,racs_bb-nodes_prop-X_scope-1_propagg-product_corragg-avg_bbagg-avg,rac,0.01499802692847854
combined_decorr__random,combined_decorr,random,racs_bb-nodes_prop-mod_pettifor_scope-2_propagg-product_corragg-avg_bbagg-avg,rac,0.014808347087200321
combined_decorr__random,combined_decorr,random,racs_bb-nodes_prop-mod_pettifor_scope-1_propagg-product_corragg-sum_bbagg-avg,rac,0.014241791981536488
combined_decorr__random,combined_decorr,random,racs_bb-nodes_prop-I_scope-3_propagg-product_corragg-sum_bbagg-avg,rac,0.013916033062638755
combined_decorr__random,combined_decorr,random,racs_bb-nodes_prop-mod_pettifor_scope-2_propagg-diff_corragg-avg_bbagg-avg,rac,0.013368178122446861
combined_decorr__random,combined_decorr,random,racs_bb-nodes_prop-X_scope-1_propagg-diff_corragg-sum_bbagg-avg,rac,0.013228162003567173
combined_decorr__random,combined_decorr,random,racs_bb-nodes_prop-mod_pettifor_scope-2_propagg-diff_corragg-sum_bbagg-avg,rac,0.012214169529399204
combined_decorr__random,combined_decorr,random,racs_bb-nodes_prop-T_scope-2_propagg-product_corragg-sum_bbagg-avg,rac,0.011765417197590848
combined_decorr__random,combined_decorr,random,racs_bb-nodes_prop-X_scope-2_propagg-product_corragg-sum_bbagg-avg,rac,0.011346909608068344
combined_decorr__random,combined_decorr,random,racs_bb-nodes_prop-T_scope-2_propagg-product_corragg-sum_bbagg-sum,rac,0.011316782648862106
combined_decorr__random,combined_decorr,random,racs_bb-nodes_prop-T_scope-1_propagg-product_corragg-avg_bbagg-avg,rac,0.011083504450597142
combined_decorr__random,combined_decorr,random,racs_bb-nodes_prop-I_scope-2_propagg-product_corragg-sum_bbagg-sum,rac,0.010038493143346594
combined_decorr__random,combined_decorr,random,racs_bb-nodes_prop-I_scope-1_propagg-product_corragg-sum_bbagg-avg,rac,0.009910737951401067
combined_decorr__random,combined_decorr,random,racs_bb-nodes_prop-mod_pettifor_scope-1_propagg-product_corragg-avg_bbagg-sum,rac,0.009167514223781885
combined_decorr__random,combined_decorr,random,racs_bb-nodes_prop-T_scope-2_propagg-diff_corragg-sum_bbagg-avg,rac,0.008981158768518611
combined_decorr__random,combined_decorr,random,racs_bb-nodes_prop-mod_pettifor_scope-1_propagg-diff_corragg-avg_bbagg-sum,rac,0.008514746706386207
combined_decorr__random,combined_decorr,random,racs_bb-nodes_prop-mod_pettifor_scope-2_propagg-diff_corragg-sum_bbagg-sum,rac,0.008061716784509744
combined_decorr__random,combined_decorr,random,racs_bb-nodes_prop-I_scope-2_propagg-product_corragg-sum_bbagg-avg,rac,0.0069371890353617256
combined_decorr__random,combined_decorr,random,racs_bb-nodes_prop-mod_pettifor_scope-1_propagg-diff_corragg-sum_bbagg-sum,rac,0.005918290796570563
combined_decorr__random,combined_decorr,random,racs_bb-nodes_prop-X_scope-2_propagg-product_corragg-avg_bbagg-sum,rac,0.005470580175654801
combined_decorr__metal,combined_decorr,metal,void_fraction,geo,0.5445831432836098
combined_decorr__metal,combined_decorr,metal,pld,geo,0.2751770842318451
combined_decorr__metal,combined_decorr,metal,surface_area_m2cm3,geo,0.2625874223517825
combined_decorr__metal,combined_decorr,metal,density_g_cm3,geo,0.20777238921627056
combined_decorr__metal,combined_decorr,metal,racs_bb-nodes_prop-T_scope-3_propagg-product_corragg-avg_bbagg-avg,rac,0.17373631094231073
combined_decorr__metal,combined_decorr,metal,racs_bb-nodes_prop-X_scope-1_propagg-diff_corragg-avg_bbagg-avg,rac,0.14244941818315027
combined_decorr__metal,combined_decorr,metal,surface_area_m2g,geo,0.13631239220427907
combined_decorr__metal,combined_decorr,metal,racs_bb-nodes_prop-X_scope-3_propagg-product_corragg-avg_bbagg-avg,rac,0.08417279760513909
combined_decorr__metal,combined_decorr,metal,racs_bb-nodes_prop-X_scope-1_propagg-product_corragg-avg_bbagg-avg,rac,0.08213233187434016
combined_decorr__metal,combined_decorr,metal,racs_bb-nodes_prop-X_scope-2_propagg-diff_corragg-avg_bbagg-sum,rac,0.07703557221693003
combined_decorr__metal,combined_decorr,metal,racs_bb-nodes_prop-T_scope-3_propagg-diff_corragg-avg_bbagg-avg,rac,0.07692510654944844
combined_decorr__metal,combined_decorr,metal,racs_bb-nodes_prop-X_scope-3_propagg-diff_corragg-sum_bbagg-avg,rac,0.07502590700262057
combined_decorr__metal,combined_decorr,metal,racs_bb-nodes_prop-T_scope-3_propagg-product_corragg-avg_bbagg-sum,rac,0.07177760792047876
combined_decorr__metal,combined_decorr,metal,racs_bb-nodes_prop-T_scope-2_propagg-product_corragg-avg_bbagg-avg,rac,0.055951183080093544
combined_decorr__metal,combined_decorr,metal,racs_bb-nodes_prop-mod_pettifor_scope-3_propagg-product_corragg-sum_bbagg-avg,rac,0.04129955201335609
combined_decorr__metal,combined_decorr,metal,racs_bb-nodes_prop-mod_pettifor_scope-2_propagg-diff_corragg-avg_bbagg-avg,rac,0.04094605330971017
combined_decorr__metal,combined_decorr,metal,racs_bb-nodes_prop-T_scope-1_propagg-diff_corragg-avg_bbagg-avg,rac,0.030843263015907906
combined_decorr__metal,combined_decorr,metal,racs_bb-nodes_prop-X_scope-2_propagg-product_corragg-avg_bbagg-avg,rac,0.02925332574858742
combined_decorr__metal,combined_decorr,metal,racs_bb-nodes_prop-X_scope-1_propagg-product_corragg-sum_bbagg-avg,rac,0.02869176572763908
combined_decorr__metal,combined_decorr,metal,racs_bb-nodes_prop-mod_pettifor_scope-3_propagg-diff_corragg-sum_bbagg-avg,rac,0.02843702789824686
combined_decorr__metal,combined_decorr,metal,racs_bb-nodes_prop-T_scope-2_propagg-diff_corragg-avg_bbagg-avg,rac,0.027971833687206567
combined_decorr__metal,combined_decorr,metal,racs_bb-nodes_prop-X_scope-2_propagg-diff_corragg-sum_bbagg-avg,rac,0.02250923840370774
combined_decorr__metal,combined_decorr,metal,racs_bb-nodes_prop-mod_pettifor_scope-2_propagg-diff_corragg-avg_bbagg-sum,rac,0.0198620182399445
combined_decorr__metal,combined_decorr,metal,racs_bb-nodes_prop-X_scope-2_propagg-diff_corragg-sum_bbagg-sum,rac,0.019345248842263893
combined_decorr__metal,combined_decorr,metal,racs_bb-nodes_prop-mod_pettifor_scope-1_propagg-product_corragg-avg_bbagg-sum,rac,0.01887820584810573
combined_decorr__metal,combined_decorr,metal,racs_bb-nodes_prop-X_scope-2_propagg-product_corragg-sum_bbagg-avg,rac,0.017453731802818756
combined_decorr__metal,combined_decorr,metal,racs_bb-nodes_prop-X_scope-3_propagg-product_corragg-sum_bbagg-avg,rac,0.016870530308205733
combined_decorr__metal,combined_decorr,metal,racs_bb-nodes_prop-mod_pettifor_scope-2_propagg-diff_corragg-sum_bbagg-avg,rac,0.015105120662075745
combined_decorr__metal,combined_decorr,metal,racs_bb-nodes_prop-I_scope-3_propagg-product_corragg-sum_bbagg-avg,rac,0.013836616126188247
combined_decorr__metal,combined_decorr,metal,racs_bb-nodes_prop-I_scope-1_propagg-product_corragg-sum_bbagg-avg,rac,0.013618621558120094
combined_decorr__metal,combined_decorr,metal,racs_bb-nodes_prop-T_scope-2_propagg-diff_corragg-avg_bbagg-sum,rac,0.012021561074711765
combined_decorr__metal,combined_decorr,metal,racs_bb-nodes_prop-T_scope-2_propagg-diff_corragg-sum_bbagg-avg,rac,0.011633073324142942
combined_decorr__metal,combined_decorr,metal,racs_bb-nodes_prop-X_scope-2_propagg-diff_corragg-avg_bbagg-avg,rac,0.011630542686345224
combined_decorr__metal,combined_decorr,metal,racs_bb-nodes_prop-X_scope-2_propagg-product_corragg-avg_bbagg-sum,rac,0.011617176953199809
combined_decorr__metal,combined_decorr,metal,racs_bb-nodes_prop-T_scope-2_propagg-diff_corragg-sum_bbagg-sum,rac,0.011203741322996183
combined_decorr__metal,combined_decorr,metal,racs_bb-nodes_prop-mod_pettifor_scope-2_propagg-product_corragg-sum_bbagg-avg,rac,0.010243334071124316
combined_decorr__metal,combined_decorr,metal,racs_bb-nodes_prop-mod_pettifor_scope-2_propagg-product_corragg-sum_bbagg-sum,rac,0.010055508601385658
combined_decorr__metal,combined_decorr,metal,racs_bb-nodes_prop-X_scope-1_propagg-diff_corragg-avg_bbagg-sum,rac,0.009928991048279422
combined_decorr__metal,combined_decorr,metal,racs_bb-nodes_prop-X_scope-1_propagg-diff_corragg-sum_bbagg-avg,rac,0.009763954431395177
combined_decorr__metal,combined_decorr,metal,racs_bb-nodes_prop-I_scope-2_propagg-product_corragg-sum_bbagg-sum,rac,0.009571254946967043
combined_decorr__metal,combined_decorr,metal,racs_bb-nodes_prop-mod_pettifor_scope-2_propagg-diff_corragg-sum_bbagg-sum,rac,0.009299112202364485
combined_decorr__metal,combined_decorr,metal,racs_bb-nodes_prop-I_scope-2_propagg-product_corragg-sum_bbagg-avg,rac,0.00923297787713328
combined_decorr__metal,combined_decorr,metal,racs_bb-nodes_prop-T_scope-2_propagg-product_corragg-sum_bbagg-sum,rac,0.00905984573188094
combined_decorr__metal,combined_decorr,metal,racs_bb-nodes_prop-T_scope-2_propagg-product_corragg-sum_bbagg-avg,rac,0.008907337127465264
combined_decorr__metal,combined_decorr,metal,racs_bb-nodes_prop-mod_pettifor_scope-1_propagg-diff_corragg-avg_bbagg-avg,rac,0.00785616649231914
combined_decorr__metal,combined_decorr,metal,racs_bb-nodes_prop-mod_pettifor_scope-1_propagg-product_corragg-sum_bbagg-avg,rac,0.006593469998280473
combined_decorr__metal,combined_decorr,metal,racs_bb-nodes_prop-T_scope-1_propagg-product_corragg-avg_bbagg-avg,rac,0.005825660135921721
combined_decorr__metal,combined_decorr,metal,racs_bb-nodes_prop-mod_pettifor_scope-1_propagg-diff_corragg-sum_bbagg-sum,rac,0.005053986080680294
combined_decorr__metal,combined_decorr,metal,racs_bb-nodes_prop-mod_pettifor_scope-2_propagg-product_corragg-avg_bbagg-avg,rac,0.004661405392362196
combined_decorr__metal,combined_decorr,metal,racs_bb-nodes_prop-mod_pettifor_scope-1_propagg-diff_corragg-avg_bbagg-sum,rac,0.004646803827454871
combined_decorr__topology,combined_decorr,topology,void_fraction,geo,0.6670759506783313
combined_decorr__topology,combined_decorr,topology,surface_area_m2cm3,geo,0.3225655183771286
combined_decorr__topology,combined_decorr,topology,surface_area_m2g,geo,0.2516982896992839
combined_decorr__topology,combined_decorr,topology,density_g_cm3,geo,0.2123140932301775
combined_decorr__topology,combined_decorr,topology,pld,geo,0.16546001273578995
combined_decorr__topology,combined_decorr,topology,racs_bb-nodes_prop-T_scope-3_propagg-product_corragg-avg_bbagg-avg,rac,0.1252648616342761
combined_decorr__topology,combined_decorr,topology,racs_bb-nodes_prop-T_scope-3_propagg-diff_corragg-avg_bbagg-avg,rac,0.05783778697425917
combined_decorr__topology,combined_decorr,topology,racs_bb-nodes_prop-T_scope-2_propagg-product_corragg-avg_bbagg-avg,rac,0.05671902045611084
combined_decorr__topology,combined_decorr,topology,racs_bb-nodes_prop-T_scope-3_propagg-product_corragg-avg_bbagg-sum,rac,0.05515709202952067
combined_decorr__topology,combined_decorr,topology,racs_bb-nodes_prop-X_scope-2_propagg-diff_corragg-avg_bbagg-sum,rac,0.05321876017840112
combined_decorr__topology,combined_decorr,topology,racs_bb-nodes_prop-X_scope-2_propagg-diff_corragg-sum_bbagg-avg,rac,0.053161876131102806
combined_decorr__topology,combined_decorr,topology,racs_bb-nodes_prop-X_scope-3_propagg-product_corragg-avg_bbagg-avg,rac,0.0519086030244548
combined_decorr__topology,combined_decorr,topology,racs_bb-nodes_prop-mod_pettifor_scope-3_propagg-product_corragg-sum_bbagg-avg,rac,0.04487028460082899
combined_decorr__topology,combined_decorr,topology,racs_bb-nodes_prop-X_scope-1_propagg-diff_corragg-avg_bbagg-avg,rac,0.04092684229682676
combined_decorr__topology,combined_decorr,topology,racs_bb-nodes_prop-T_scope-2_propagg-diff_corragg-avg_bbagg-sum,rac,0.03756430524704614
combined_decorr__topology,combined_decorr,topology,racs_bb-nodes_prop-X_scope-2_propagg-diff_corragg-avg_bbagg-avg,rac,0.037542192468564495
combined_decorr__topology,combined_decorr,topology,racs_bb-nodes_prop-X_scope-2_propagg-product_corragg-avg_bbagg-sum,rac,0.03684129632024158
combined_decorr__topology,combined_decorr,topology,racs_bb-nodes_prop-X_scope-3_propagg-diff_corragg-sum_bbagg-avg,rac,0.03228586189492944
combined_decorr__topology,combined_decorr,topology,racs_bb-nodes_prop-X_scope-2_propagg-diff_corragg-sum_bbagg-sum,rac,0.031193502027766475
combined_decorr__topology,combined_decorr,topology,racs_bb-nodes_prop-mod_pettifor_scope-1_propagg-product_corragg-avg_bbagg-sum,rac,0.030343236860282154
combined_decorr__topology,combined_decorr,topology,racs_bb-nodes_prop-mod_pettifor_scope-2_propagg-diff_corragg-avg_bbagg-sum,rac,0.030230876315472336
combined_decorr__topology,combined_decorr,topology,racs_bb-nodes_prop-T_scope-2_propagg-diff_corragg-avg_bbagg-avg,rac,0.025358398247257927
combined_decorr__topology,combined_decorr,topology,racs_bb-nodes_prop-mod_pettifor_scope-3_propagg-diff_corragg-sum_bbagg-avg,rac,0.021940242310516257
combined_decorr__topology,combined_decorr,topology,racs_bb-nodes_prop-mod_pettifor_scope-2_propagg-diff_corragg-sum_bbagg-sum,rac,0.021475373533529817
combined_decorr__topology,combined_decorr,topology,racs_bb-nodes_prop-T_scope-2_propagg-diff_corragg-sum_bbagg-avg,rac,0.019741600493084027
combined_decorr__topology,combined_decorr,topology,racs_bb-nodes_prop-T_scope-2_propagg-diff_corragg-sum_bbagg-sum,rac,0.019686050962811695
combined_decorr__topology,combined_decorr,topology,racs_bb-nodes_prop-mod_pettifor_scope-1_propagg-diff_corragg-avg_bbagg-sum,rac,0.017973036513938008
combined_decorr__topology,combined_decorr,topology,racs_bb-nodes_prop-mod_pettifor_scope-2_propagg-product_corragg-sum_bbagg-sum,rac,0.017683615143851524
combined_decorr__topology,combined_decorr,topology,racs_bb-nodes_prop-X_scope-1_propagg-product_corragg-avg_bbagg-avg,rac,0.016645845538740274
combined_decorr__topology,combined_decorr,topology,racs_bb-nodes_prop-X_scope-1_propagg-diff_corragg-avg_bbagg-sum,rac,0.016266974911254894
combined_decorr__topology,combined_decorr,topology,racs_bb-nodes_prop-T_scope-2_propagg-product_corragg-sum_bbagg-avg,rac,0.01618057940422314
combined_decorr__topology,combined_decorr,topology,racs_bb-nodes_prop-mod_pettifor_scope-2_propagg-diff_corragg-avg_bbagg-avg,rac,0.01598023832881518
combined_decorr__topology,combined_decorr,topology,racs_bb-nodes_prop-T_scope-1_propagg-diff_corragg-avg_bbagg-avg,rac,0.015783594033688075
combined_decorr__topology,combined_decorr,topology,racs_bb-nodes_prop-mod_pettifor_scope-1_propagg-product_corragg-sum_bbagg-avg,rac,0.015515047161375962
combined_decorr__topology,combined_decorr,topology,racs_bb-nodes_prop-mod_pettifor_scope-2_propagg-product_corragg-sum_bbagg-avg,rac,0.015294698542034453
combined_decorr__topology,combined_decorr,topology,racs_bb-nodes_prop-I_scope-3_propagg-product_corragg-sum_bbagg-avg,rac,0.014980405776913733
combined_decorr__topology,combined_decorr,topology,racs_bb-nodes_prop-X_scope-1_propagg-product_corragg-sum_bbagg-avg,rac,0.014914119820858806
combined_decorr__topology,combined_decorr,topology,racs_bb-nodes_prop-I_scope-2_propagg-product_corragg-sum_bbagg-sum,rac,0.014467248114057609
combined_decorr__topology,combined_decorr,topology,racs_bb-nodes_prop-X_scope-2_propagg-product_corragg-avg_bbagg-avg,rac,0.014298517041124505
combined_decorr__topology,combined_decorr,topology,racs_bb-nodes_prop-T_scope-1_propagg-product_corragg-avg_bbagg-avg,rac,0.014128497546880633
combined_decorr__topology,combined_decorr,topology,racs_bb-nodes_prop-X_scope-3_propagg-product_corragg-sum_bbagg-avg,rac,0.013832365139204298
combined_decorr__topology,combined_decorr,topology,racs_bb-nodes_prop-T_scope-2_propagg-product_corragg-sum_bbagg-sum,rac,0.013691736490953154
combined_decorr__topology,combined_decorr,topology,racs_bb-nodes_prop-mod_pettifor_scope-1_propagg-diff_corragg-avg_bbagg-avg,rac,0.013370962796047702
combined_decorr__topology,combined_decorr,topology,racs_bb-nodes_prop-mod_pettifor_scope-2_propagg-diff_corragg-sum_bbagg-avg,rac,0.012259972049892551
combined_decorr__topology,combined_decorr,topology,racs_bb-nodes_prop-I_scope-1_propagg-product_corragg-sum_bbagg-avg,rac,0.011932329953888881
combined_decorr__topology,combined_decorr,topology,racs_bb-nodes_prop-I_scope-2_propagg-product_corragg-sum_bbagg-avg,rac,0.010994939952540878
combined_decorr__topology,combined_decorr,topology,racs_bb-nodes_prop-X_scope-2_propagg-product_corragg-sum_bbagg-avg,rac,0.010689777406065144
combined_decorr__topology,combined_decorr,topology,racs_bb-nodes_prop-X_scope-1_propagg-diff_corragg-sum_bbagg-avg,rac,0.010605554074867182
combined_decorr__topology,combined_decorr,topology,racs_bb-nodes_prop-mod_pettifor_scope-2_propagg-product_corragg-avg_bbagg-avg,rac,0.008239588346867065
combined_decorr__topology,combined_decorr,topology,racs_bb-nodes_prop-mod_pettifor_scope-1_propagg-diff_corragg-sum_bbagg-sum,rac,0.007662251357978206
combined_all__random,combined_all,random,void_fraction,geo,0.6126085968983673
combined_all__random,combined_all,random,pld,geo,0.27722143700719293
combined_all__random,combined_all,random,surface_area_m2cm3,geo,0.2723683197534036
combined_all__random,combined_all,random,lcd,geo,0.18966316620915058
combined_all__random,combined_all,random,racs_bb-nodes_prop-T_scope-3_propagg-product_corragg-avg_bbagg-avg,rac,0.16453236637985794
combined_all__random,combined_all,random,surface_area_m2g,geo,0.15874107505349083
combined_all__random,combined_all,random,density_g_cm3,geo,0.12898231194005796
combined_all__random,combined_all,random,racs_bb-nodes_prop-T_scope-3_propagg-product_corragg-avg_bbagg-sum,rac,0.08260952014676815
combined_all__random,combined_all,random,racs_bb-nodes_prop-X_scope-3_propagg-diff_corragg-avg_bbagg-avg,rac,0.0672906525255209
combined_all__random,combined_all,random,racs_bb-nodes_prop-T_scope-3_propagg-diff_corragg-avg_bbagg-avg,rac,0.06464837221747063
combined_all__random,combined_all,random,racs_bb-nodes_prop-X_scope-2_propagg-diff_corragg-sum_bbagg-avg,rac,0.055583752648989446
combined_all__random,combined_all,random,racs_bb-nodes_prop-X_scope-3_propagg-diff_corragg-sum_bbagg-avg,rac,0.05489427061682245
combined_all__random,combined_all,random,racs_bb-nodes_prop-X_scope-2_propagg-diff_corragg-avg_bbagg-avg,rac,0.05448685811091275
combined_all__random,combined_all,random,racs_bb-nodes_prop-T_scope-2_propagg-product_corragg-avg_bbagg-avg,rac,0.052556256387349544
combined_all__random,combined_all,random,racs_bb-nodes_prop-X_scope-3_propagg-product_corragg-avg_bbagg-avg,rac,0.05126350796207524
combined_all__random,combined_all,random,racs_bb-nodes_prop-X_scope-3_propagg-product_corragg-sum_bbagg-avg,rac,0.04603828127987578
combined_all__random,combined_all,random,racs_bb-nodes_prop-T_scope-3_propagg-product_corragg-sum_bbagg-avg,rac,0.045462442789638166
combined_all__random,combined_all,random,racs_bb-nodes_prop-mod_pettifor_scope-2_propagg-diff_corragg-avg_bbagg-avg,rac,0.03937271496518136
combined_all__random,combined_all,random,racs_bb-nodes_prop-mod_pettifor_scope-3_propagg-diff_corragg-avg_bbagg-avg,rac,0.037866911086081596
combined_all__random,combined_all,random,racs_bb-nodes_prop-T_scope-3_propagg-product_corragg-sum_bbagg-sum,rac,0.036534919613060275
combined_all__random,combined_all,random,racs_bb-nodes_prop-X_scope-1_propagg-diff_corragg-sum_bbagg-avg,rac,0.03092400155110448
combined_all__random,combined_all,random,racs_bb-nodes_prop-mod_pettifor_scope-3_propagg-product_corragg-avg_bbagg-avg,rac,0.02944609797065424
combined_all__random,combined_all,random,racs_bb-nodes_prop-X_scope-2_propagg-diff_corragg-sum_bbagg-sum,rac,0.028755087456663296
combined_all__random,combined_all,random,racs_bb-nodes_prop-X_scope-1_propagg-diff_corragg-avg_bbagg-avg,rac,0.02860146274641137
combined_all__random,combined_all,random,racs_bb-nodes_prop-mod_pettifor_scope-3_propagg-product_corragg-avg_bbagg-sum,rac,0.024752050363668766
combined_all__random,combined_all,random,racs_bb-nodes_prop-T_scope-2_propagg-product_corragg-avg_bbagg-sum,rac,0.024345900454265403
combined_all__random,combined_all,random,racs_bb-nodes_prop-mod_pettifor_scope-3_propagg-product_corragg-sum_bbagg-sum,rac,0.023752395600380744
combined_all__random,combined_all,random,racs_bb-nodes_prop-mod_pettifor_scope-2_propagg-diff_corragg-avg_bbagg-sum,rac,0.023402495363032672
combined_all__random,combined_all,random,racs_bb-nodes_prop-mod_pettifor_scope-1_propagg-diff_corragg-avg_bbagg-avg,rac,0.02336770228615364
combined_all__random,combined_all,random,racs_bb-nodes_prop-T_scope-3_propagg-diff_corragg-avg_bbagg-sum,rac,0.021607878256587023
combined_all__random,combined_all,random,racs_bb-nodes_prop-X_scope-2_propagg-product_corragg-avg_bbagg-sum,rac,0.020616136568512265
combined_all__random,combined_all,random,racs_bb-nodes_prop-T_scope-1_propagg-diff_corragg-avg_bbagg-avg,rac,0.019650220368952177
combined_all__random,combined_all,random,racs_bb-nodes_prop-X_scope-3_propagg-product_corragg-sum_bbagg-sum,rac,0.01865003000703067
combined_all__random,combined_all,random,racs_bb-nodes_prop-mod_pettifor_scope-3_propagg-product_corragg-sum_bbagg-avg,rac,0.018322339837328665
combined_all__random,combined_all,random,racs_bb-nodes_prop-mod_pettifor_scope-3_propagg-diff_corragg-sum_bbagg-avg,rac,0.017998876903681394
combined_all__random,combined_all,random,racs_bb-nodes_prop-X_scope-1_propagg-product_corragg-avg_bbagg-avg,rac,0.017777576927202172
combined_all__random,combined_all,random,racs_bb-nodes_prop-T_scope-1_propagg-diff_corragg-sum_bbagg-avg,rac,0.017715830205668092
combined_all__random,combined_all,random,racs_bb-nodes_prop-X_scope-3_propagg-diff_corragg-avg_bbagg-sum,rac,0.017641558117766146
combined_all__random,combined_all,random,racs_bb-nodes_prop-X_scope-2_propagg-diff_corragg-avg_bbagg-sum,rac,0.017107517743613045
combined_all__random,combined_all,random,racs_bb-nodes_prop-mod_pettifor_scope-1_propagg-product_corragg-avg_bbagg-avg,rac,0.016893085381026032
combined_all__random,combined_all,random,racs_bb-nodes_prop-T_scope-1_propagg-product_corragg-sum_bbagg-avg,rac,0.016608995606469418
combined_all__random,combined_all,random,racs_bb-nodes_prop-T_scope-1_propagg-product_corragg-avg_bbagg-avg,rac,0.01612632152043094
combined_all__random,combined_all,random,racs_bb-nodes_prop-T_scope-2_propagg-diff_corragg-avg_bbagg-avg,rac,0.01611053806128853
combined_all__random,combined_all,random,racs_bb-nodes_prop-X_scope-2_propagg-product_corragg-avg_bbagg-avg,rac,0.014039532789142797
combined_all__random,combined_all,random,racs_bb-nodes_prop-mod_pettifor_scope-2_propagg-diff_corragg-sum_bbagg-sum,rac,0.012948919989627787
combined_all__random,combined_all,random,racs_bb-nodes_prop-mod_pettifor_scope-3_propagg-diff_corragg-avg_bbagg-sum,rac,0.012340934740542027
combined_all__random,combined_all,random,racs_bb-nodes_prop-mod_pettifor_scope-1_propagg-product_corragg-sum_bbagg-avg,rac,0.012306871167650859
combined_all__random,combined_all,random,racs_bb-nodes_prop-T_scope-3_propagg-diff_corragg-sum_bbagg-avg,rac,0.012140637835067185
combined_all__random,combined_all,random,racs_bb-nodes_prop-mod_pettifor_scope-2_propagg-product_corragg-avg_bbagg-sum,rac,0.011950352723155552
combined_all__random,combined_all,random,racs_bb-nodes_prop-I_scope-3_propagg-product_corragg-avg_bbagg-sum,rac,0.01172871157525853
combined_all__random,combined_all,random,racs_bb-nodes_prop-T_scope-2_propagg-product_corragg-sum_bbagg-avg,rac,0.01105783713764035
combined_all__random,combined_all,random,racs_bb-nodes_prop-T_scope-2_propagg-product_corragg-sum_bbagg-sum,rac,0.01084278634862934
combined_all__random,combined_all,random,racs_bb-nodes_prop-T_scope-1_propagg-product_corragg-avg_bbagg-sum,rac,0.010578857013224372
combined_all__random,combined_all,random,racs_bb-nodes_prop-mod_pettifor_scope-2_propagg-diff_corragg-sum_bbagg-avg,rac,0.010450346823778474
combined_all__random,combined_all,random,racs_bb-nodes_prop-mod_pettifor_scope-2_propagg-product_corragg-avg_bbagg-avg,rac,0.0101559802812279
combined_all__random,combined_all,random,racs_bb-nodes_prop-X_scope-2_propagg-product_corragg-sum_bbagg-avg,rac,0.010120245239453806
combined_all__random,combined_all,random,racs_bb-nodes_prop-X_scope-1_propagg-product_corragg-sum_bbagg-avg,rac,0.009747113238128689
combined_all__random,combined_all,random,racs_bb-nodes_prop-T_scope-2_propagg-diff_corragg-avg_bbagg-sum,rac,0.009522309612125204
combined_all__random,combined_all,random,racs_bb-nodes_prop-mod_pettifor_scope-1_propagg-product_corragg-avg_bbagg-sum,rac,0.009403124450045515
combined_all__random,combined_all,random,racs_bb-nodes_prop-X_scope-3_propagg-diff_corragg-sum_bbagg-sum,rac,0.008682189687373058
combined_all__random,combined_all,random,racs_bb-nodes_prop-I_scope-1_propagg-product_corragg-avg_bbagg-sum,rac,0.00833809457275875
combined_all__random,combined_all,random,racs_bb-nodes_prop-X_scope-3_propagg-product_corragg-avg_bbagg-sum,rac,0.00828063688625954
combined_all__random,combined_all,random,racs_bb-nodes_prop-T_scope-1_propagg-diff_corragg-sum_bbagg-sum,rac,0.008230086293868307
combined_all__random,combined_all,random,racs_bb-nodes_prop-T_scope-2_propagg-diff_corragg-sum_bbagg-sum,rac,0.008080438055733805
combined_all__random,combined_all,random,racs_bb-nodes_prop-I_scope-2_propagg-product_corragg-sum_bbagg-avg,rac,0.007955809143805365
combined_all__random,combined_all,random,racs_bb-nodes_prop-I_scope-2_propagg-product_corragg-sum_bbagg-sum,rac,0.007747158817144288
combined_all__random,combined_all,random,racs_bb-nodes_prop-mod_pettifor_scope-2_propagg-product_corragg-sum_bbagg-sum,rac,0.007691566097514476
combined_all__random,combined_all,random,racs_bb-nodes_prop-T_scope-2_propagg-diff_corragg-sum_bbagg-avg,rac,0.007563625213440668
combined_all__random,combined_all,random,racs_bb-nodes_prop-X_scope-1_propagg-diff_corragg-avg_bbagg-sum,rac,0.007342497665739754
combined_all__random,combined_all,random,racs_bb-nodes_prop-T_scope-1_propagg-product_corragg-sum_bbagg-sum,rac,0.006558428056446116
combined_all__random,combined_all,random,racs_bb-nodes_prop-X_scope-2_propagg-product_corragg-sum_bbagg-sum,rac,0.006045128927067272
combined_all__random,combined_all,random,racs_bb-nodes_prop-T_scope-3_propagg-diff_corragg-sum_bbagg-sum,rac,0.005828142791870201
combined_all__random,combined_all,random,racs_bb-nodes_prop-mod_pettifor_scope-1_propagg-product_corragg-sum_bbagg-sum,rac,0.005791652531771405
combined_all__random,combined_all,random,racs_bb-nodes_prop-mod_pettifor_scope-1_propagg-diff_corragg-avg_bbagg-sum,rac,0.005774592334889096
combined_all__random,combined_all,random,racs_bb-nodes_prop-I_scope-1_propagg-product_corragg-sum_bbagg-avg,rac,0.005743272895599827
combined_all__random,combined_all,random,racs_bb-nodes_prop-I_scope-3_propagg-product_corragg-sum_bbagg-avg,rac,0.005593549219076595
combined_all__random,combined_all,random,racs_bb-nodes_prop-I_scope-1_propagg-product_corragg-sum_bbagg-sum,rac,0.005589118036412912
combined_all__random,combined_all,random,racs_bb-nodes_prop-X_scope-1_propagg-product_corragg-avg_bbagg-sum,rac,0.005512828998948926
combined_all__random,combined_all,random,racs_bb-nodes_prop-mod_pettifor_scope-2_propagg-product_corragg-sum_bbagg-avg,rac,0.005425472148247876
combined_all__random,combined_all,random,racs_bb-nodes_prop-mod_pettifor_scope-1_propagg-diff_corragg-sum_bbagg-avg,rac,0.00511743515201055
combined_all__random,combined_all,random,racs_bb-nodes_prop-X_scope-1_propagg-diff_corragg-sum_bbagg-sum,rac,0.005026340663425635
combined_all__random,combined_all,random,racs_bb-nodes_prop-X_scope-1_propagg-product_corragg-sum_bbagg-sum,rac,0.005019659650248745
combined_all__random,combined_all,random,racs_bb-nodes_prop-T_scope-1_propagg-diff_corragg-avg_bbagg-sum,rac,0.0047662158186888084
combined_all__random,combined_all,random,racs_bb-nodes_prop-I_scope-3_propagg-product_corragg-sum_bbagg-sum,rac,0.0047503834946826355
combined_all__random,combined_all,random,racs_bb-nodes_prop-I_scope-2_propagg-product_corragg-avg_bbagg-sum,rac,0.0046519197744920165
combined_all__random,combined_all,random,racs_bb-nodes_prop-mod_pettifor_scope-1_propagg-diff_corragg-sum_bbagg-sum,rac,0.004358183160409058
combined_all__random,combined_all,random,racs_bb-nodes_prop-mod_pettifor_scope-3_propagg-diff_corragg-sum_bbagg-sum,rac,0.002897508354233789
combined_all__metal,combined_all,metal,void_fraction,geo,0.5450970953856432
combined_all__metal,combined_all,metal,surface_area_m2cm3,geo,0.28680567227567366
combined_all__metal,combined_all,metal,lcd,geo,0.1958229470102582
combined_all__metal,combined_all,metal,racs_bb-nodes_prop-X_scope-1_propagg-diff_corragg-avg_bbagg-avg,rac,0.17900947316757446
combined_all__metal,combined_all,metal,pld,geo,0.171450294543458
combined_all__metal,combined_all,metal,racs_bb-nodes_prop-T_scope-3_propagg-product_corragg-avg_bbagg-avg,rac,0.16646023709407587
combined_all__metal,combined_all,metal,surface_area_m2g,geo,0.14140687281434602
combined_all__metal,combined_all,metal,density_g_cm3,geo,0.12874787828935788
combined_all__metal,combined_all,metal,racs_bb-nodes_prop-T_scope-3_propagg-product_corragg-avg_bbagg-sum,rac,0.08244199214162794
combined_all__metal,combined_all,metal,racs_bb-nodes_prop-X_scope-3_propagg-diff_corragg-avg_bbagg-avg,rac,0.07273962748669588
combined_all__metal,combined_all,metal,racs_bb-nodes_prop-X_scope-3_propagg-product_corragg-avg_bbagg-avg,rac,0.06834928787196673
combined_all__metal,combined_all,metal,racs_bb-nodes_prop-T_scope-2_propagg-product_corragg-avg_bbagg-avg,rac,0.06651442532936501
combined_all__metal,combined_all,metal,racs_bb-nodes_prop-X_scope-1_propagg-product_corragg-avg_bbagg-avg,rac,0.057524680859019836
combined_all__metal,combined_all,metal,racs_bb-nodes_prop-T_scope-3_propagg-diff_corragg-avg_bbagg-avg,rac,0.05567643132397295
combined_all__metal,combined_all,metal,racs_bb-nodes_prop-mod_pettifor_scope-2_propagg-diff_corragg-avg_bbagg-avg,rac,0.05470273184844344
combined_all__metal,combined_all,metal,racs_bb-nodes_prop-X_scope-2_propagg-product_corragg-avg_bbagg-avg,rac,0.05394235298096336
combined_all__metal,combined_all,metal,racs_bb-nodes_prop-X_scope-3_propagg-diff_corragg-sum_bbagg-avg,rac,0.04757188214484108
combined_all__metal,combined_all,metal,racs_bb-nodes_prop-X_scope-2_propagg-diff_corragg-sum_bbagg-sum,rac,0.03427300893927114
combined_all__metal,combined_all,metal,racs_bb-nodes_prop-T_scope-3_propagg-product_corragg-sum_bbagg-avg,rac,0.03424082856666593
combined_all__metal,combined_all,metal,racs_bb-nodes_prop-mod_pettifor_scope-3_propagg-product_corragg-avg_bbagg-avg,rac,0.033079645461981076
combined_all__metal,combined_all,metal,racs_bb-nodes_prop-X_scope-2_propagg-diff_corragg-avg_bbagg-sum,rac,0.03207413294966331
combined_all__metal,combined_all,metal,racs_bb-nodes_prop-T_scope-3_propagg-product_corragg-sum_bbagg-sum,rac,0.028651100437736682
combined_all__metal,combined_all,metal,racs_bb-nodes_prop-X_scope-3_propagg-product_corragg-sum_bbagg-avg,rac,0.02819928577957592
combined_all__metal,combined_all,metal,racs_bb-nodes_prop-mod_pettifor_scope-3_propagg-diff_corragg-avg_bbagg-avg,rac,0.0281102806033607
combined_all__metal,combined_all,metal,racs_bb-nodes_prop-T_scope-2_propagg-product_corragg-avg_bbagg-sum,rac,0.027791902953474317
combined_all__metal,combined_all,metal,racs_bb-nodes_prop-X_scope-2_propagg-diff_corragg-sum_bbagg-avg,rac,0.024332230875165613
combined_all__metal,combined_all,metal,racs_bb-nodes_prop-X_scope-1_propagg-product_corragg-sum_bbagg-avg,rac,0.024250512328342733
combined_all__metal,combined_all,metal,racs_bb-nodes_prop-X_scope-1_propagg-diff_corragg-avg_bbagg-sum,rac,0.02206336988485237
combined_all__metal,combined_all,metal,racs_bb-nodes_prop-mod_pettifor_scope-2_propagg-diff_corragg-sum_bbagg-avg,rac,0.02105976633025833
combined_all__metal,combined_all,metal,racs_bb-nodes_prop-X_scope-1_propagg-diff_corragg-sum_bbagg-avg,rac,0.020665104099749122
combined_all__metal,combined_all,metal,racs_bb-nodes_prop-mod_pettifor_scope-2_propagg-diff_corragg-avg_bbagg-sum,rac,0.020592044420613742
combined_all__metal,combined_all,metal,racs_bb-nodes_prop-X_scope-2_propagg-product_corragg-sum_bbagg-avg,rac,0.020558349428729937
combined_all__metal,combined_all,metal,racs_bb-nodes_prop-mod_pettifor_scope-3_propagg-product_corragg-sum_bbagg-avg,rac,0.0190594115246307
combined_all__metal,combined_all,metal,racs_bb-nodes_prop-T_scope-3_propagg-diff_corragg-avg_bbagg-sum,rac,0.018508011130274716
combined_all__metal,combined_all,metal,racs_bb-nodes_prop-T_scope-2_propagg-diff_corragg-avg_bbagg-avg,rac,0.018376889215369147
combined_all__metal,combined_all,metal,racs_bb-nodes_prop-T_scope-3_propagg-diff_corragg-sum_bbagg-avg,rac,0.01749090580598801
combined_all__metal,combined_all,metal,racs_bb-nodes_prop-X_scope-2_propagg-product_corragg-avg_bbagg-sum,rac,0.01666267865892968
combined_all__metal,combined_all,metal,racs_bb-nodes_prop-T_scope-1_propagg-diff_corragg-avg_bbagg-avg,rac,0.015683299249253293
combined_all__metal,combined_all,metal,racs_bb-nodes_prop-mod_pettifor_scope-2_propagg-product_corragg-avg_bbagg-sum,rac,0.015677647327504138
combined_all__metal,combined_all,metal,racs_bb-nodes_prop-mod_pettifor_scope-3_propagg-product_corragg-sum_bbagg-sum,rac,0.015418659432199657
combined_all__metal,combined_all,metal,racs_bb-nodes_prop-I_scope-2_propagg-product_corragg-avg_bbagg-sum,rac,0.01512054200850792
combined_all__metal,combined_all,metal,racs_bb-nodes_prop-X_scope-3_propagg-diff_corragg-sum_bbagg-sum,rac,0.014311190093885479
combined_all__metal,combined_all,metal,racs_bb-nodes_prop-T_scope-2_propagg-product_corragg-sum_bbagg-avg,rac,0.014185093114639896
combined_all__metal,combined_all,metal,racs_bb-nodes_prop-X_scope-2_propagg-diff_corragg-avg_bbagg-avg,rac,0.013851630631457331
combined_all__metal,combined_all,metal,racs_bb-nodes_prop-mod_pettifor_scope-3_propagg-product_corragg-avg_bbagg-sum,rac,0.013577246847117364
combined_all__metal,combined_all,metal,racs_bb-nodes_prop-T_scope-1_propagg-diff_corragg-sum_bbagg-avg,rac,0.013010691604957133
combined_all__metal,combined_all,metal,racs_bb-nodes_prop-T_scope-2_propagg-diff_corragg-avg_bbagg-sum,rac,0.012441266962580647
combined_all__metal,combined_all,metal,racs_bb-nodes_prop-mod_pettifor_scope-1_propagg-diff_corragg-avg_bbagg-avg,rac,0.012222118154258242
combined_all__metal,combined_all,metal,racs_bb-nodes_prop-I_scope-1_propagg-product_corragg-avg_bbagg-sum,rac,0.011501410725756559
combined_all__metal,combined_all,metal,racs_bb-nodes_prop-mod_pettifor_scope-1_propagg-product_corragg-avg_bbagg-sum,rac,0.011292893303597513
combined_all__metal,combined_all,metal,racs_bb-nodes_prop-X_scope-3_propagg-diff_corragg-avg_bbagg-sum,rac,0.010955663194464142
combined_all__metal,combined_all,metal,racs_bb-nodes_prop-mod_pettifor_scope-2_propagg-diff_corragg-sum_bbagg-sum,rac,0.01064975221712799
combined_all__metal,combined_all,metal,racs_bb-nodes_prop-T_scope-2_propagg-diff_corragg-sum_bbagg-sum,rac,0.010413801335240284
combined_all__metal,combined_all,metal,racs_bb-nodes_prop-mod_pettifor_scope-1_propagg-product_corragg-avg_bbagg-avg,rac,0.010216653375221488
combined_all__metal,combined_all,metal,racs_bb-nodes_prop-mod_pettifor_scope-2_propagg-product_corragg-sum_bbagg-sum,rac,0.010185819311226267
combined_all__metal,combined_all,metal,racs_bb-nodes_prop-I_scope-2_propagg-product_corragg-sum_bbagg-sum,rac,0.009878860589201875
combined_all__metal,combined_all,metal,racs_bb-nodes_prop-T_scope-2_propagg-product_corragg-sum_bbagg-sum,rac,0.009724899739825297
combined_all__metal,combined_all,metal,racs_bb-nodes_prop-T_scope-2_propagg-diff_corragg-sum_bbagg-avg,rac,0.009427933941761665
combined_all__metal,combined_all,metal,racs_bb-nodes_prop-X_scope-3_propagg-product_corragg-avg_bbagg-sum,rac,0.009131586147873587
combined_all__metal,combined_all,metal,racs_bb-nodes_prop-mod_pettifor_scope-1_propagg-product_corragg-sum_bbagg-sum,rac,0.00887332587144359
combined_all__metal,combined_all,metal,racs_bb-nodes_prop-X_scope-3_propagg-product_corragg-sum_bbagg-sum,rac,0.008637712700483377
combined_all__metal,combined_all,metal,racs_bb-nodes_prop-T_scope-3_propagg-diff_corragg-sum_bbagg-sum,rac,0.008486630854145446
combined_all__metal,combined_all,metal,racs_bb-nodes_prop-I_scope-3_propagg-product_corragg-avg_bbagg-sum,rac,0.008136218815697758
combined_all__metal,combined_all,metal,racs_bb-nodes_prop-mod_pettifor_scope-3_propagg-diff_corragg-sum_bbagg-avg,rac,0.007888332984432148
combined_all__metal,combined_all,metal,racs_bb-nodes_prop-T_scope-1_propagg-product_corragg-avg_bbagg-sum,rac,0.007489889507494396
combined_all__metal,combined_all,metal,racs_bb-nodes_prop-T_scope-1_propagg-product_corragg-avg_bbagg-avg,rac,0.007052297988234791
combined_all__metal,combined_all,metal,racs_bb-nodes_prop-X_scope-1_propagg-diff_corragg-sum_bbagg-sum,rac,0.0064425281148394985
combined_all__metal,combined_all,metal,racs_bb-nodes_prop-I_scope-2_propagg-product_corragg-sum_bbagg-avg,rac,0.006224469599659694
combined_all__metal,combined_all,metal,racs_bb-nodes_prop-mod_pettifor_scope-2_propagg-product_corragg-avg_bbagg-avg,rac,0.005954264400978719
combined_all__metal,combined_all,metal,racs_bb-nodes_prop-I_scope-3_propagg-product_corragg-sum_bbagg-avg,rac,0.005931966601308373
combined_all__metal,combined_all,metal,racs_bb-nodes_prop-X_scope-1_propagg-product_corragg-avg_bbagg-sum,rac,0.005923044947558915
combined_all__metal,combined_all,metal,racs_bb-nodes_prop-I_scope-1_propagg-product_corragg-sum_bbagg-sum,rac,0.005767924183154264
combined_all__metal,combined_all,metal,racs_bb-nodes_prop-mod_pettifor_scope-1_propagg-diff_corragg-avg_bbagg-sum,rac,0.0056160641246799994
combined_all__metal,combined_all,metal,racs_bb-nodes_prop-X_scope-2_propagg-product_corragg-sum_bbagg-sum,rac,0.00559131827524777
combined_all__metal,combined_all,metal,racs_bb-nodes_prop-mod_pettifor_scope-1_propagg-diff_corragg-sum_bbagg-avg,rac,0.005494064859939293
combined_all__metal,combined_all,metal,racs_bb-nodes_prop-mod_pettifor_scope-1_propagg-product_corragg-sum_bbagg-avg,rac,0.005151670381941661
combined_all__metal,combined_all,metal,racs_bb-nodes_prop-I_scope-1_propagg-product_corragg-sum_bbagg-avg,rac,0.005085798439671245
combined_all__metal,combined_all,metal,racs_bb-nodes_prop-I_scope-3_propagg-product_corragg-sum_bbagg-sum,rac,0.004959736408284517
combined_all__metal,combined_all,metal,racs_bb-nodes_prop-X_scope-1_propagg-product_corragg-sum_bbagg-sum,rac,0.004921595187863405
combined_all__metal,combined_all,metal,racs_bb-nodes_prop-mod_pettifor_scope-2_propagg-product_corragg-sum_bbagg-avg,rac,0.004803066319881571
combined_all__metal,combined_all,metal,racs_bb-nodes_prop-T_scope-1_propagg-product_corragg-sum_bbagg-avg,rac,0.00467924339142895
combined_all__metal,combined_all,metal,racs_bb-nodes_prop-mod_pettifor_scope-3_propagg-diff_corragg-avg_bbagg-sum,rac,0.004665642083184173
combined_all__metal,combined_all,metal,racs_bb-nodes_prop-T_scope-1_propagg-product_corragg-sum_bbagg-sum,rac,0.004393207271298763
combined_all__metal,combined_all,metal,racs_bb-nodes_prop-T_scope-1_propagg-diff_corragg-avg_bbagg-sum,rac,0.004160058686949403
combined_all__metal,combined_all,metal,racs_bb-nodes_prop-mod_pettifor_scope-1_propagg-diff_corragg-sum_bbagg-sum,rac,0.00397918332073433
combined_all__metal,combined_all,metal,racs_bb-nodes_prop-mod_pettifor_scope-3_propagg-diff_corragg-sum_bbagg-sum,rac,0.0028416533877505083
combined_all__metal,combined_all,metal,racs_bb-nodes_prop-T_scope-1_propagg-diff_corragg-sum_bbagg-sum,rac,0.002688530904746593
combined_all__topology,combined_all,topology,void_fraction,geo,0.9347716489094086
combined_all__topology,combined_all,topology,lcd,geo,0.36288013783270756
combined_all__topology,combined_all,topology,surface_area_m2cm3,geo,0.3224700458438671
combined_all__topology,combined_all,topology,surface_area_m2g,geo,0.2797858417520091
combined_all__topology,combined_all,topology,racs_bb-nodes_prop-T_scope-3_propagg-product_corragg-avg_bbagg-avg,rac,0.24930975956172433
combined_all__topology,combined_all,topology,pld,geo,0.2096833557598354
combined_all__topology,combined_all,topology,density_g_cm3,geo,0.19877985500711923
combined_all__topology,combined_all,topology,racs_bb-nodes_prop-T_scope-3_propagg-product_corragg-avg_bbagg-sum,rac,0.12719615461652956
combined_all__topology,combined_all,topology,racs_bb-nodes_prop-T_scope-2_propagg-product_corragg-avg_bbagg-avg,rac,0.12017221494060484
combined_all__topology,combined_all,topology,racs_bb-nodes_prop-mod_pettifor_scope-3_propagg-product_corragg-avg_bbagg-sum,rac,0.09105420387282748
combined_all__topology,combined_all,topology,racs_bb-nodes_prop-T_scope-3_propagg-diff_corragg-avg_bbagg-avg,rac,0.0835402127518571
combined_all__topology,combined_all,topology,racs_bb-nodes_prop-mod_pettifor_scope-2_propagg-diff_corragg-avg_bbagg-sum,rac,0.07610224560038525
combined_all__topology,combined_all,topology,racs_bb-nodes_prop-T_scope-3_propagg-diff_corragg-avg_bbagg-sum,rac,0.07292014923112605
combined_all__topology,combined_all,topology,racs_bb-nodes_prop-T_scope-3_propagg-product_corragg-sum_bbagg-avg,rac,0.06398288420767125
combined_all__topology,combined_all,topology,racs_bb-nodes_prop-T_scope-3_propagg-product_corragg-sum_bbagg-sum,rac,0.058769792297853965
combined_all__topology,combined_all,topology,racs_bb-nodes_prop-mod_pettifor_scope-2_propagg-diff_corragg-sum_bbagg-sum,rac,0.05393852995066644
combined_all__topology,combined_all,topology,racs_bb-nodes_prop-T_scope-2_propagg-product_corragg-avg_bbagg-sum,rac,0.05048650758575134
combined_all__topology,combined_all,topology,racs_bb-nodes_prop-mod_pettifor_scope-1_propagg-product_corragg-avg_bbagg-sum,rac,0.0461898480392732
combined_all__topology,combined_all,topology,racs_bb-nodes_prop-mod_pettifor_scope-2_propagg-product_corragg-sum_bbagg-sum,rac,0.04600948682364517
combined_all__topology,combined_all,topology,racs_bb-nodes_prop-X_scope-2_propagg-diff_corragg-sum_bbagg-avg,rac,0.044323900858876907
combined_all__topology,combined_all,topology,racs_bb-nodes_prop-X_scope-2_propagg-diff_corragg-sum_bbagg-sum,rac,0.04300171101980951
combined_all__topology,combined_all,topology,racs_bb-nodes_prop-mod_pettifor_scope-2_propagg-product_corragg-avg_bbagg-sum,rac,0.042984063179864106
combined_all__topology,combined_all,topology,racs_bb-nodes_prop-T_scope-2_propagg-product_corragg-sum_bbagg-avg,rac,0.039597700283868796
combined_all__topology,combined_all,topology,racs_bb-nodes_prop-T_scope-2_propagg-diff_corragg-sum_bbagg-sum,rac,0.03924618144779879
combined_all__topology,combined_all,topology,racs_bb-nodes_prop-mod_pettifor_scope-1_propagg-product_corragg-sum_bbagg-sum,rac,0.0388192351733571
combined_all__topology,combined_all,topology,racs_bb-nodes_prop-X_scope-2_propagg-product_corragg-sum_bbagg-sum,rac,0.038763752138587355
combined_all__topology,combined_all,topology,racs_bb-nodes_prop-X_scope-3_propagg-diff_corragg-avg_bbagg-avg,rac,0.036692856768843075
combined_all__topology,combined_all,topology,racs_bb-nodes_prop-X_scope-1_propagg-diff_corragg-avg_bbagg-sum,rac,0.03579356763949594
combined_all__topology,combined_all,topology,racs_bb-nodes_prop-X_scope-2_propagg-diff_corragg-avg_bbagg-sum,rac,0.035055320760451765
combined_all__topology,combined_all,topology,racs_bb-nodes_prop-T_scope-3_propagg-diff_corragg-sum_bbagg-avg,rac,0.034748200924100726
combined_all__topology,combined_all,topology,racs_bb-nodes_prop-mod_pettifor_scope-3_propagg-product_corragg-sum_bbagg-avg,rac,0.03470663507238097
combined_all__topology,combined_all,topology,racs_bb-nodes_prop-T_scope-1_propagg-diff_corragg-avg_bbagg-sum,rac,0.034575496968559265
combined_all__topology,combined_all,topology,racs_bb-nodes_prop-X_scope-3_propagg-product_corragg-avg_bbagg-avg,rac,0.03374702260928649
combined_all__topology,combined_all,topology,racs_bb-nodes_prop-X_scope-3_propagg-diff_corragg-sum_bbagg-sum,rac,0.03240973794994117
combined_all__topology,combined_all,topology,racs_bb-nodes_prop-T_scope-2_propagg-diff_corragg-avg_bbagg-avg,rac,0.03222513258741672
combined_all__topology,combined_all,topology,racs_bb-nodes_prop-T_scope-3_propagg-diff_corragg-sum_bbagg-sum,rac,0.03161144380805284
combined_all__topology,combined_all,topology,racs_bb-nodes_prop-T_scope-1_propagg-product_corragg-sum_bbagg-sum,rac,0.031210089250254744
combined_all__topology,combined_all,topology,racs_bb-nodes_prop-mod_pettifor_scope-3_propagg-diff_corragg-avg_bbagg-avg,rac,0.030789692606365212
combined_all__topology,combined_all,topology,racs_bb-nodes_prop-X_scope-2_propagg-diff_corragg-avg_bbagg-avg,rac,0.030686116492054365
combined_all__topology,combined_all,topology,racs_bb-nodes_prop-X_scope-3_propagg-product_corragg-sum_bbagg-avg,rac,0.030676877349909308
combined_all__topology,combined_all,topology,racs_bb-nodes_prop-T_scope-2_propagg-product_corragg-sum_bbagg-sum,rac,0.03053251129552291
combined_all__topology,combined_all,topology,racs_bb-nodes_prop-mod_pettifor_scope-3_propagg-product_corragg-sum_bbagg-sum,rac,0.030400653436047507
combined_all__topology,combined_all,topology,racs_bb-nodes_prop-T_scope-2_propagg-diff_corragg-avg_bbagg-sum,rac,0.030057179400567836
combined_all__topology,combined_all,topology,racs_bb-nodes_prop-X_scope-1_propagg-diff_corragg-avg_bbagg-avg,rac,0.02976348318905349
combined_all__topology,combined_all,topology,racs_bb-nodes_prop-mod_pettifor_scope-2_propagg-diff_corragg-avg_bbagg-avg,rac,0.02574525688466698
combined_all__topology,combined_all,topology,racs_bb-nodes_prop-I_scope-2_propagg-product_corragg-sum_bbagg-sum,rac,0.025562736614430186
combined_all__topology,combined_all,topology,racs_bb-nodes_prop-T_scope-1_propagg-diff_corragg-sum_bbagg-sum,rac,0.023917312069384754
combined_all__topology,combined_all,topology,racs_bb-nodes_prop-X_scope-3_propagg-product_corragg-sum_bbagg-sum,rac,0.023357483090006674
combined_all__topology,combined_all,topology,racs_bb-nodes_prop-I_scope-1_propagg-product_corragg-sum_bbagg-sum,rac,0.023342210589001083
combined_all__topology,combined_all,topology,racs_bb-nodes_prop-X_scope-2_propagg-product_corragg-avg_bbagg-sum,rac,0.023182205481192854
combined_all__topology,combined_all,topology,racs_bb-nodes_prop-X_scope-1_propagg-diff_corragg-sum_bbagg-avg,rac,0.022365798665805608
combined_all__topology,combined_all,topology,racs_bb-nodes_prop-I_scope-1_propagg-product_corragg-avg_bbagg-sum,rac,0.022147363025298485
combined_all__topology,combined_all,topology,racs_bb-nodes_prop-T_scope-1_propagg-product_corragg-avg_bbagg-avg,rac,0.02185168441623517
combined_all__topology,combined_all,topology,racs_bb-nodes_prop-I_scope-2_propagg-product_corragg-avg_bbagg-sum,rac,0.02173669146545611
combined_all__topology,combined_all,topology,racs_bb-nodes_prop-X_scope-1_propagg-diff_corragg-sum_bbagg-sum,rac,0.021259867944631344
combined_all__topology,combined_all,topology,racs_bb-nodes_prop-mod_pettifor_scope-3_propagg-product_corragg-avg_bbagg-avg,rac,0.02093767148760287
combined_all__topology,combined_all,topology,racs_bb-nodes_prop-mod_pettifor_scope-3_propagg-diff_corragg-sum_bbagg-sum,rac,0.019770997929331093
combined_all__topology,combined_all,topology,racs_bb-nodes_prop-T_scope-1_propagg-product_corragg-avg_bbagg-sum,rac,0.019210835763133375
combined_all__topology,combined_all,topology,racs_bb-nodes_prop-mod_pettifor_scope-1_propagg-diff_corragg-avg_bbagg-avg,rac,0.018644636446381885
combined_all__topology,combined_all,topology,racs_bb-nodes_prop-mod_pettifor_scope-1_propagg-diff_corragg-sum_bbagg-sum,rac,0.018150092938921107
combined_all__topology,combined_all,topology,racs_bb-nodes_prop-X_scope-3_propagg-diff_corragg-sum_bbagg-avg,rac,0.016677800541672276
combined_all__topology,combined_all,topology,racs_bb-nodes_prop-mod_pettifor_scope-3_propagg-diff_corragg-sum_bbagg-avg,rac,0.016514678425352886
combined_all__topology,combined_all,topology,racs_bb-nodes_prop-X_scope-1_propagg-product_corragg-sum_bbagg-sum,rac,0.016419399605056905
combined_all__topology,combined_all,topology,racs_bb-nodes_prop-X_scope-1_propagg-product_corragg-sum_bbagg-avg,rac,0.01596053750056029
combined_all__topology,combined_all,topology,racs_bb-nodes_prop-X_scope-1_propagg-product_corragg-avg_bbagg-sum,rac,0.015274509770342577
combined_all__topology,combined_all,topology,racs_bb-nodes_prop-T_scope-2_propagg-diff_corragg-sum_bbagg-avg,rac,0.015133848286838851
combined_all__topology,combined_all,topology,racs_bb-nodes_prop-mod_pettifor_scope-1_propagg-product_corragg-sum_bbagg-avg,rac,0.013977511858665255
combined_all__topology,combined_all,topology,racs_bb-nodes_prop-X_scope-2_propagg-product_corragg-avg_bbagg-avg,rac,0.012724301946097952
combined_all__topology,combined_all,topology,racs_bb-nodes_prop-mod_pettifor_scope-3_propagg-diff_corragg-avg_bbagg-sum,rac,0.012198821811073584
combined_all__topology,combined_all,topology,racs_bb-nodes_prop-X_scope-3_propagg-product_corragg-avg_bbagg-sum,rac,0.012145953093304353
combined_all__topology,combined_all,topology,racs_bb-nodes_prop-I_scope-3_propagg-product_corragg-avg_bbagg-sum,rac,0.01198922392776725
combined_all__topology,combined_all,topology,racs_bb-nodes_prop-mod_pettifor_scope-1_propagg-diff_corragg-avg_bbagg-sum,rac,0.011983799566066431
combined_all__topology,combined_all,topology,racs_bb-nodes_prop-mod_pettifor_scope-2_propagg-diff_corragg-sum_bbagg-avg,rac,0.01127953868265643
combined_all__topology,combined_all,topology,racs_bb-nodes_prop-I_scope-2_propagg-product_corragg-sum_bbagg-avg,rac,0.010977404153244512
combined_all__topology,combined_all,topology,racs_bb-nodes_prop-T_scope-1_propagg-diff_corragg-avg_bbagg-avg,rac,0.010668436677222748
combined_all__topology,combined_all,topology,racs_bb-nodes_prop-I_scope-3_propagg-product_corragg-sum_bbagg-sum,rac,0.009311101404632973
combined_all__topology,combined_all,topology,racs_bb-nodes_prop-X_scope-1_propagg-product_corragg-avg_bbagg-avg,rac,0.009164899292179084
combined_all__topology,combined_all,topology,racs_bb-nodes_prop-X_scope-2_propagg-product_corragg-sum_bbagg-avg,rac,0.0079623600970868
combined_all__topology,combined_all,topology,racs_bb-nodes_prop-mod_pettifor_scope-2_propagg-product_corragg-sum_bbagg-avg,rac,0.007908782631199117
combined_all__topology,combined_all,topology,racs_bb-nodes_prop-T_scope-1_propagg-product_corragg-sum_bbagg-avg,rac,0.007282202836045822
combined_all__topology,combined_all,topology,racs_bb-nodes_prop-T_scope-1_propagg-diff_corragg-sum_bbagg-avg,rac,0.00653320712172395
combined_all__topology,combined_all,topology,racs_bb-nodes_prop-mod_pettifor_scope-2_propagg-product_corragg-avg_bbagg-avg,rac,0.006442034495824164
combined_all__topology,combined_all,topology,racs_bb-nodes_prop-mod_pettifor_scope-1_propagg-diff_corragg-sum_bbagg-avg,rac,0.0059980753895558375
combined_all__topology,combined_all,topology,racs_bb-nodes_prop-X_scope-3_propagg-diff_corragg-avg_bbagg-sum,rac,0.005958902032582129
combined_all__topology,combined_all,topology,racs_bb-nodes_prop-I_scope-3_propagg-product_corragg-sum_bbagg-avg,rac,0.005653127659291043
combined_all__topology,combined_all,topology,racs_bb-nodes_prop-mod_pettifor_scope-1_propagg-product_corragg-avg_bbagg-avg,rac,0.004438062960762659
combined_all__topology,combined_all,topology,racs_bb-nodes_prop-I_scope-1_propagg-product_corragg-sum_bbagg-avg,rac,0.003962252731608078
