experiment,feature_set,split,feature,feature_type,mean_abs_shap
geo_decorr__random,geo_decorr,random,void_fraction,geo,0.5181528385289087
geo_decorr__random,geo_decorr,random,pld,geo,0.3009949709923495
geo_decorr__random,geo_decorr,random,surface_area_m2cm3,geo,0.2283654355899197
geo_decorr__random,geo_decorr,random,surface_area_m2g,geo,0.215058973018328
geo_decorr__random,geo_decorr,random,density_g_cm3,geo,0.1940369855853213
geo_decorr__metal,geo_decorr,metal,void_fraction,geo,0.5553688396922875
geo_decorr__metal,geo_decorr,metal,pld,geo,0.30604271158164487
geo_decorr__metal,geo_decorr,metal,surface_area_m2cm3,geo,0.2686194510478442
geo_decorr__metal,geo_decorr,metal,surface_area_m2g,geo,0.20566172103670202
geo_decorr__metal,geo_decorr,metal,density_g_cm3,geo,0.19455685561620528
geo_decorr__topology,geo_decorr,topology,void_fraction,geo,0.5517225516877325
geo_decorr__topology,geo_decorr,topology,density_g_cm3,geo,0.2689366765061537
geo_decorr__topology,geo_decorr,topology,surface_area_m2cm3,geo,0.2535743942491035
geo_decorr__topology,geo_decorr,topology,surface_area_m2g,geo,0.2212191508689674
geo_decorr__topology,geo_decorr,topology,pld,geo,0.20220566265620976
geo_all__random,geo_all,random,void_fraction,geo,0.4464161056200259
geo_all__random,geo_all,random,density_g_cm3,geo,0.21103059933017637
geo_all__random,geo_all,random,pld,geo,0.17926332930054276
geo_all__random,geo_all,random,surface_area_m2cm3,geo,0.16922751107303985
geo_all__random,geo_all,random,surface_area_m2g,geo,0.14014782978829032
geo_all__random,geo_all,random,lcd,geo,0.13410269688696064
geo_all__metal,geo_all,metal,void_fraction,geo,0.45782324911093686
geo_all__metal,geo_all,metal,surface_area_m2cm3,geo,0.18850428870935373
geo_all__metal,geo_all,metal,pld,geo,0.18654574514285566
geo_all__metal,geo_all,metal,lcd,geo,0.1732638881714137
geo_all__metal,geo_all,metal,density_g_cm3,geo,0.17022776635349485
geo_all__metal,geo_all,metal,surface_area_m2g,geo,0.15403312529982463
geo_all__topology,geo_all,topology,void_fraction,geo,0.6288019201122034
geo_all__topology,geo_all,topology,surface_area_m2cm3,geo,0.23602277307802833
geo_all__topology,geo_all,topology,surface_area_m2g,geo,0.21705137776967204
geo_all__topology,geo_all,topology,density_g_cm3,geo,0.20878162913842707
geo_all__topology,geo_all,topology,lcd,geo,0.19137871619426633
geo_all__topology,geo_all,topology,pld,geo,0.16164665894512817
rac_decorr__random,rac_decorr,random,racs_bb-nodes_prop-T_scope-3_propagg-product_corragg-avg_bbagg-avg,rac,0.09997672745026645
rac_decorr__random,rac_decorr,random,racs_bb-nodes_prop-T_scope-3_propagg-diff_corragg-avg_bbagg-avg,rac,0.039574681637108304
rac_decorr__random,rac_decorr,random,racs_bb-nodes_prop-T_scope-3_propagg-product_corragg-avg_bbagg-sum,rac,0.0344859089808464
rac_decorr__random,rac_decorr,random,racs_bb-nodes_prop-T_scope-2_propagg-product_corragg-avg_bbagg-avg,rac,0.0315245604059249
rac_decorr__random,rac_decorr,random,racs_bb-nodes_prop-X_scope-3_propagg-diff_corragg-sum_bbagg-avg,rac,0.02532740683156252
rac_decorr__random,rac_decorr,random,racs_bb-nodes_prop-I_scope-3_propagg-product_corragg-sum_bbagg-avg,rac,0.016057043226391086
rac_decorr__random,rac_decorr,random,racs_bb-nodes_prop-T_scope-1_propagg-diff_corragg-avg_bbagg-avg,rac,0.011484164053633795
rac_decorr__random,rac_decorr,random,racs_bb-nodes_prop-mod_pettifor_scope-3_propagg-diff_corragg-sum_bbagg-avg,rac,0.011153777426809073
rac_decorr__random,rac_decorr,random,racs_bb-nodes_prop-T_scope-2_propagg-diff_corragg-avg_bbagg-sum,rac,0.010645580491662029
rac_decorr__random,rac_decorr,random,racs_bb-nodes_prop-mod_pettifor_scope-3_propagg-product_corragg-sum_bbagg-avg,rac,0.01053189297866821
rac_decorr__random,rac_decorr,random,racs_bb-nodes_prop-X_scope-3_propagg-product_corragg-sum_bbagg-avg,rac,0.010138965249896046
rac_decorr__random,rac_decorr,random,racs_bb-nodes_prop-X_scope-3_propagg-product_corragg-avg_bbagg-avg,rac,0.009878141180381182
rac_decorr__random,rac_decorr,random,racs_bb-nodes_prop-T_scope-2_propagg-product_corragg-sum_bbagg-avg,rac,0.009588097370386137
rac_decorr__random,rac_decorr,random,racs_bb-nodes_prop-T_scope-2_propagg-diff_corragg-sum_bbagg-sum,rac,0.009472203258916734
rac_decorr__random,rac_decorr,random,racs_bb-nodes_prop-T_scope-2_propagg-diff_corragg-avg_bbagg-avg,rac,0.008825250155150883
rac_decorr__random,rac_decorr,random,racs_bb-nodes_prop-X_scope-2_propagg-product_corragg-avg_bbagg-sum,rac,0.008469751145154233
rac_decorr__random,rac_decorr,random,racs_bb-nodes_prop-X_scope-2_propagg-diff_corragg-sum_bbagg-avg,rac,0.008227693812429911
rac_decorr__random,rac_decorr,random,racs_bb-nodes_prop-T_scope-2_propagg-product_corragg-sum_bbagg-sum,rac,0.0070311896488815554
rac_decorr__random,rac_decorr,random,racs_bb-nodes_prop-X_scope-2_propagg-diff_corragg-sum_bbagg-sum,rac,0.006904645891264081
rac_decorr__random,rac_decorr,random,racs_bb-nodes_prop-I_scope-1_propagg-product_corragg-sum_bbagg-avg,rac,0.0058616752156317245
rac_decorr__random,rac_decorr,random,racs_bb-nodes_prop-I_scope-2_propagg-product_corragg-sum_bbagg-sum,rac,0.005328585341006516
rac_decorr__random,rac_decorr,random,racs_bb-nodes_prop-mod_pettifor_scope-2_propagg-product_corragg-sum_bbagg-sum,rac,0.005293378846541045
rac_decorr__random,rac_decorr,random,racs_bb-nodes_prop-T_scope-2_propagg-diff_corragg-sum_bbagg-avg,rac,0.005290774959757921
rac_decorr__random,rac_decorr,random,racs_bb-nodes_prop-X_scope-2_propagg-product_corragg-sum_bbagg-avg,rac,0.004947351367354395
rac_decorr__random,rac_decorr,random,racs_bb-nodes_prop-X_scope-2_propagg-diff_corragg-avg_bbagg-avg,rac,0.004869957260757683
rac_decorr__random,rac_decorr,random,racs_bb-nodes_prop-X_scope-2_propagg-diff_corragg-avg_bbagg-sum,rac,0.0048259411505609685
rac_decorr__random,rac_decorr,random,racs_bb-nodes_prop-T_scope-1_propagg-product_corragg-avg_bbagg-avg,rac,0.004745975830033419
rac_decorr__random,rac_decorr,random,racs_bb-nodes_prop-mod_pettifor_scope-2_propagg-diff_corragg-sum_bbagg-avg,rac,0.003815490594059229
rac_decorr__random,rac_decorr,random,racs_bb-nodes_prop-X_scope-2_propagg-product_corragg-avg_bbagg-avg,rac,0.003632301343396306
rac_decorr__random,rac_decorr,random,racs_bb-nodes_prop-X_scope-1_propagg-diff_corragg-avg_bbagg-avg,rac,0.0029341282498091437
rac_decorr__random,rac_decorr,random,racs_bb-nodes_prop-mod_pettifor_scope-2_propagg-product_corragg-avg_bbagg-avg,rac,0.002780612942904236
rac_decorr__random,rac_decorr,random,racs_bb-nodes_prop-mod_pettifor_scope-1_propagg-product_corragg-avg_bbagg-sum,rac,0.002529126623824237
rac_decorr__random,rac_decorr,random,racs_bb-nodes_prop-X_scope-1_propagg-diff_corragg-sum_bbagg-avg,rac,0.002408182924538855
rac_decorr__random,rac_decorr,random,racs_bb-nodes_prop-mod_pettifor_scope-2_propagg-product_corragg-sum_bbagg-avg,rac,0.002394106824025512
rac_decorr__random,rac_decorr,random,racs_bb-nodes_prop-mod_pettifor_scope-2_propagg-diff_corragg-avg_bbagg-avg,rac,0.0023108902748674156
rac_decorr__random,rac_decorr,random,racs_bb-nodes_prop-mod_pettifor_scope-1_propagg-product_corragg-sum_bbagg-avg,rac,0.0022187302042394907
rac_decorr__random,rac_decorr,random,racs_bb-nodes_prop-mod_pettifor_scope-2_propagg-diff_corragg-avg_bbagg-sum,rac,0.002048291235387325
rac_decorr__random,rac_decorr,random,racs_bb-nodes_prop-I_scope-2_propagg-product_corragg-sum_bbagg-avg,rac,0.0020446573259383437
rac_decorr__random,rac_decorr,random,racs_bb-nodes_prop-mod_pettifor_scope-2_propagg-diff_corragg-sum_bbagg-sum,rac,0.0020370658750385024
rac_decorr__random,rac_decorr,random,racs_bb-nodes_prop-mod_pettifor_scope-1_propagg-diff_corragg-avg_bbagg-avg,rac,0.001992188708290457
rac_decorr__random,rac_decorr,random,racs_bb-nodes_prop-X_scope-1_propagg-diff_corragg-avg_bbagg-sum,rac,0.0019209766910970206
rac_decorr__random,rac_decorr,random,racs_bb-nodes_prop-mod_pettifor_scope-1_propagg-diff_corragg-sum_bbagg-sum,rac,0.0016634096355140188
rac_decorr__random,rac_decorr,random,racs_bb-nodes_prop-X_scope-1_propagg-product_corragg-sum_bbagg-avg,rac,0.0015444128447175015
rac_decorr__random,rac_decorr,random,racs_bb-nodes_prop-mod_pettifor_scope-1_propagg-diff_corragg-avg_bbagg-sum,rac,0.0014384792158603661
rac_decorr__random,rac_decorr,random,racs_bb-nodes_prop-X_scope-1_propagg-product_corragg-avg_bbagg-avg,rac,0.0013123928934037688
rac_decorr__metal,rac_decorr,metal,racs_bb-nodes_prop-T_scope-3_propagg-product_corragg-avg_bbagg-avg,rac,0.154745870533511
rac_decorr__metal,rac_decorr,metal,racs_bb-nodes_prop-T_scope-3_propagg-product_corragg-avg_bbagg-sum,rac,0.04735317178674041
rac_decorr__metal,rac_decorr,metal,racs_bb-nodes_prop-I_scope-2_propagg-product_corragg-sum_bbagg-avg,rac,0.036702921827733506
rac_decorr__metal,rac_decorr,metal,racs_bb-nodes_prop-T_scope-3_propagg-diff_corragg-avg_bbagg-avg,rac,0.03181211610434952
rac_decorr__metal,rac_decorr,metal,racs_bb-nodes_prop-X_scope-3_propagg-diff_corragg-sum_bbagg-avg,rac,0.025759233575597427
rac_decorr__metal,rac_decorr,metal,racs_bb-nodes_prop-X_scope-3_propagg-product_corragg-sum_bbagg-avg,rac,0.018029316779613492
rac_decorr__metal,rac_decorr,metal,racs_bb-nodes_prop-T_scope-2_propagg-product_corragg-avg_bbagg-avg,rac,0.017394875063166032
rac_decorr__metal,rac_decorr,metal,racs_bb-nodes_prop-mod_pettifor_scope-1_propagg-diff_corragg-avg_bbagg-avg,rac,0.013675798744603986
rac_decorr__metal,rac_decorr,metal,racs_bb-nodes_prop-mod_pettifor_scope-3_propagg-diff_corragg-sum_bbagg-avg,rac,0.013430467878237373
rac_decorr__metal,rac_decorr,metal,racs_bb-nodes_prop-X_scope-3_propagg-product_corragg-avg_bbagg-avg,rac,0.013342085592150688
rac_decorr__metal,rac_decorr,metal,racs_bb-nodes_prop-X_scope-2_propagg-diff_corragg-avg_bbagg-sum,rac,0.011451018800571543
rac_decorr__metal,rac_decorr,metal,racs_bb-nodes_prop-T_scope-2_propagg-diff_corragg-avg_bbagg-avg,rac,0.010275175271034245
rac_decorr__metal,rac_decorr,metal,racs_bb-nodes_prop-T_scope-2_propagg-product_corragg-sum_bbagg-sum,rac,0.009430616228461274
rac_decorr__metal,rac_decorr,metal,racs_bb-nodes_prop-X_scope-2_propagg-diff_corragg-sum_bbagg-sum,rac,0.008556525234177709
rac_decorr__metal,rac_decorr,metal,racs_bb-nodes_prop-X_scope-2_propagg-product_corragg-avg_bbagg-avg,rac,0.008544855089232322
rac_decorr__metal,rac_decorr,metal,racs_bb-nodes_prop-T_scope-1_propagg-diff_corragg-avg_bbagg-avg,rac,0.008366604930877684
rac_decorr__metal,rac_decorr,metal,racs_bb-nodes_prop-I_scope-1_propagg-product_corragg-sum_bbagg-avg,rac,0.008001059873878962
rac_decorr__metal,rac_decorr,metal,racs_bb-nodes_prop-mod_pettifor_scope-3_propagg-product_corragg-sum_bbagg-avg,rac,0.007994867446184162
rac_decorr__metal,rac_decorr,metal,racs_bb-nodes_prop-X_scope-2_propagg-diff_corragg-sum_bbagg-avg,rac,0.006933304160788648
rac_decorr__metal,rac_decorr,metal,racs_bb-nodes_prop-X_scope-2_propagg-diff_corragg-avg_bbagg-avg,rac,0.00580414219495654
rac_decorr__metal,rac_decorr,metal,racs_bb-nodes_prop-mod_pettifor_scope-2_propagg-diff_corragg-sum_bbagg-sum,rac,0.0056104029496610195
rac_decorr__metal,rac_decorr,metal,racs_bb-nodes_prop-mod_pettifor_scope-2_propagg-product_corragg-sum_bbagg-sum,rac,0.005588144738122813
rac_decorr__metal,rac_decorr,metal,racs_bb-nodes_prop-X_scope-1_propagg-product_corragg-sum_bbagg-avg,rac,0.0054815990143567365
rac_decorr__metal,rac_decorr,metal,racs_bb-nodes_prop-T_scope-2_propagg-product_corragg-sum_bbagg-avg,rac,0.005306650637432928
rac_decorr__metal,rac_decorr,metal,racs_bb-nodes_prop-X_scope-1_propagg-product_corragg-avg_bbagg-avg,rac,0.005226776948079461
rac_decorr__metal,rac_decorr,metal,racs_bb-nodes_prop-X_scope-2_propagg-product_corragg-avg_bbagg-sum,rac,0.004992388491615652
rac_decorr__metal,rac_decorr,metal,racs_bb-nodes_prop-mod_pettifor_scope-2_propagg-product_corragg-sum_bbagg-avg,rac,0.004786859624579552
rac_decorr__metal,rac_decorr,metal,racs_bb-nodes_prop-T_scope-2_propagg-diff_corragg-sum_bbagg-avg,rac,0.004611211939677592
rac_decorr__metal,rac_decorr,metal,racs_bb-nodes_prop-X_scope-1_propagg-diff_corragg-avg_bbagg-avg,rac,0.0046105194369554505
rac_decorr__metal,rac_decorr,metal,racs_bb-nodes_prop-mod_pettifor_scope-2_propagg-diff_corragg-sum_bbagg-avg,rac,0.004580856081396341
rac_decorr__metal,rac_decorr,metal,racs_bb-nodes_prop-I_scope-2_propagg-product_corragg-sum_bbagg-sum,rac,0.004433895172193645
rac_decorr__metal,rac_decorr,metal,racs_bb-nodes_prop-T_scope-1_propagg-product_corragg-avg_bbagg-avg,rac,0.0044194842880517235
rac_decorr__metal,rac_decorr,metal,racs_bb-nodes_prop-T_scope-2_propagg-diff_corragg-avg_bbagg-sum,rac,0.004340392371565105
rac_decorr__metal,rac_decorr,metal,racs_bb-nodes_prop-mod_pettifor_scope-2_propagg-diff_corragg-avg_bbagg-sum,rac,0.0039148177212923775
rac_decorr__metal,rac_decorr,metal,racs_bb-nodes_prop-X_scope-2_propagg-product_corragg-sum_bbagg-avg,rac,0.003890770154088737
rac_decorr__metal,rac_decorr,metal,racs_bb-nodes_prop-T_scope-2_propagg-diff_corragg-sum_bbagg-sum,rac,0.003184230332240465
rac_decorr__metal,rac_decorr,metal,racs_bb-nodes_prop-I_scope-3_propagg-product_corragg-sum_bbagg-avg,rac,0.003079756074666974
rac_decorr__metal,rac_decorr,metal,racs_bb-nodes_prop-mod_pettifor_scope-1_propagg-product_corragg-avg_bbagg-sum,rac,0.0028793974093645823
rac_decorr__metal,rac_decorr,metal,racs_bb-nodes_prop-X_scope-1_propagg-diff_corragg-sum_bbagg-avg,rac,0.0021661463398039366
rac_decorr__metal,rac_decorr,metal,racs_bb-nodes_prop-mod_pettifor_scope-1_propagg-product_corragg-sum_bbagg-avg,rac,0.0016560728000998503
rac_decorr__metal,rac_decorr,metal,racs_bb-nodes_prop-mod_pettifor_scope-2_propagg-diff_corragg-avg_bbagg-avg,rac,0.0016524081200659268
rac_decorr__metal,rac_decorr,metal,racs_bb-nodes_prop-mod_pettifor_scope-2_propagg-product_corragg-avg_bbagg-avg,rac,0.001456438706263902
rac_decorr__metal,rac_decorr,metal,racs_bb-nodes_prop-X_scope-1_propagg-diff_corragg-avg_bbagg-sum,rac,0.0013491610190719376
rac_decorr__metal,rac_decorr,metal,racs_bb-nodes_prop-mod_pettifor_scope-1_propagg-diff_corragg-avg_bbagg-sum,rac,0.0010492029016315953
rac_decorr__metal,rac_decorr,metal,racs_bb-nodes_prop-mod_pettifor_scope-1_propagg-diff_corragg-sum_bbagg-sum,rac,0.001014640695020557
rac_decorr__topology,rac_decorr,topology,racs_bb-nodes_prop-T_scope-3_propagg-product_corragg-avg_bbagg-avg,rac,0.24527291349136887
rac_decorr__topology,rac_decorr,topology,racs_bb-nodes_prop-T_scope-2_propagg-product_corragg-avg_bbagg-avg,rac,0.05569644433455542
rac_decorr__topology,rac_decorr,topology,racs_bb-nodes_prop-T_scope-3_propagg-diff_corragg-avg_bbagg-avg,rac,0.05518185981989372
rac_decorr__topology,rac_decorr,topology,racs_bb-nodes_prop-T_scope-3_propagg-product_corragg-avg_bbagg-sum,rac,0.0473440107751948
rac_decorr__topology,rac_decorr,topology,racs_bb-nodes_prop-T_scope-1_propagg-diff_corragg-avg_bbagg-avg,rac,0.02872268140322218
rac_decorr__topology,rac_decorr,topology,racs_bb-nodes_prop-T_scope-2_propagg-diff_corragg-avg_bbagg-sum,rac,0.022627614563501756
rac_decorr__topology,rac_decorr,topology,racs_bb-nodes_prop-X_scope-3_propagg-diff_corragg-sum_bbagg-avg,rac,0.022356631524222514
rac_decorr__topology,rac_decorr,topology,racs_bb-nodes_prop-X_scope-3_propagg-product_corragg-avg_bbagg-avg,rac,0.02045556461320569
rac_decorr__topology,rac_decorr,topology,racs_bb-nodes_prop-I_scope-3_propagg-product_corragg-sum_bbagg-avg,rac,0.020271897666550166
rac_decorr__topology,rac_decorr,topology,racs_bb-nodes_prop-T_scope-2_propagg-product_corragg-sum_bbagg-sum,rac,0.019817800016569288
rac_decorr__topology,rac_decorr,topology,racs_bb-nodes_prop-X_scope-2_propagg-diff_corragg-sum_bbagg-avg,rac,0.01694515980454162
rac_decorr__topology,rac_decorr,topology,racs_bb-nodes_prop-T_scope-2_propagg-diff_corragg-sum_bbagg-sum,rac,0.016920656863553447
rac_decorr__topology,rac_decorr,topology,racs_bb-nodes_prop-T_scope-2_propagg-diff_corragg-sum_bbagg-avg,rac,0.016420710296734857
rac_decorr__topology,rac_decorr,topology,racs_bb-nodes_prop-X_scope-2_propagg-diff_corragg-avg_bbagg-avg,rac,0.015265841329284014
rac_decorr__topology,rac_decorr,topology,racs_bb-nodes_prop-mod_pettifor_scope-3_propagg-product_corragg-sum_bbagg-avg,rac,0.014935567784208504
rac_decorr__topology,rac_decorr,topology,racs_bb-nodes_prop-X_scope-2_propagg-diff_corragg-avg_bbagg-sum,rac,0.014373259976351012
rac_decorr__topology,rac_decorr,topology,racs_bb-nodes_prop-X_scope-3_propagg-product_corragg-sum_bbagg-avg,rac,0.012844063460563005
rac_decorr__topology,rac_decorr,topology,racs_bb-nodes_prop-mod_pettifor_scope-3_propagg-diff_corragg-sum_bbagg-avg,rac,0.011808150679975126
rac_decorr__topology,rac_decorr,topology,racs_bb-nodes_prop-mod_pettifor_scope-2_propagg-product_corragg-avg_bbagg-avg,rac,0.011685525365530825
rac_decorr__topology,rac_decorr,topology,racs_bb-nodes_prop-T_scope-1_propagg-product_corragg-avg_bbagg-avg,rac,0.01108806232956704
rac_decorr__topology,rac_decorr,topology,racs_bb-nodes_prop-I_scope-2_propagg-product_corragg-sum_bbagg-sum,rac,0.010872985879168845
rac_decorr__topology,rac_decorr,topology,racs_bb-nodes_prop-T_scope-2_propagg-diff_corragg-avg_bbagg-avg,rac,0.010837830369127908
rac_decorr__topology,rac_decorr,topology,racs_bb-nodes_prop-I_scope-2_propagg-product_corragg-sum_bbagg-avg,rac,0.010492869805055673
rac_decorr__topology,rac_decorr,topology,racs_bb-nodes_prop-X_scope-2_propagg-diff_corragg-sum_bbagg-sum,rac,0.010401747502324478
rac_decorr__topology,rac_decorr,topology,racs_bb-nodes_prop-T_scope-2_propagg-product_corragg-sum_bbagg-avg,rac,0.009819741946823585
rac_decorr__topology,rac_decorr,topology,racs_bb-nodes_prop-X_scope-1_propagg-diff_corragg-avg_bbagg-avg,rac,0.00953000161087451
rac_decorr__topology,rac_decorr,topology,racs_bb-nodes_prop-mod_pettifor_scope-2_propagg-diff_corragg-sum_bbagg-sum,rac,0.008830517358332868
rac_decorr__topology,rac_decorr,topology,racs_bb-nodes_prop-mod_pettifor_scope-1_propagg-diff_corragg-avg_bbagg-sum,rac,0.008104847207727531
rac_decorr__topology,rac_decorr,topology,racs_bb-nodes_prop-mod_pettifor_scope-2_propagg-product_corragg-sum_bbagg-sum,rac,0.007214233928724811
rac_decorr__topology,rac_decorr,topology,racs_bb-nodes_prop-I_scope-1_propagg-product_corragg-sum_bbagg-avg,rac,0.007194301457175363
rac_decorr__topology,rac_decorr,topology,racs_bb-nodes_prop-X_scope-2_propagg-product_corragg-avg_bbagg-sum,rac,0.007118171387020261
rac_decorr__topology,rac_decorr,topology,racs_bb-nodes_prop-mod_pettifor_scope-2_propagg-diff_corragg-avg_bbagg-sum,rac,0.007087389781760672
rac_decorr__topology,rac_decorr,topology,racs_bb-nodes_prop-mod_pettifor_scope-2_propagg-product_corragg-sum_bbagg-avg,rac,0.006463363744691015
rac_decorr__topology,rac_decorr,topology,racs_bb-nodes_prop-mod_pettifor_scope-2_propagg-diff_corragg-sum_bbagg-avg,rac,0.005485047571118537
rac_decorr__topology,rac_decorr,topology,racs_bb-nodes_prop-mod_pettifor_scope-1_propagg-product_corragg-sum_bbagg-avg,rac,0.005476855064043776
rac_decorr__topology,rac_decorr,topology,racs_bb-nodes_prop-X_scope-2_propagg-product_corragg-sum_bbagg-avg,rac,0.005468333976586776
rac_decorr__topology,rac_decorr,topology,racs_bb-nodes_prop-X_scope-1_propagg-diff_corragg-sum_bbagg-avg,rac,0.004172597410110755
rac_decorr__topology,rac_decorr,topology,racs_bb-nodes_prop-mod_pettifor_scope-1_propagg-diff_corragg-avg_bbagg-avg,rac,0.004048680322431028
rac_decorr__topology,rac_decorr,topology,racs_bb-nodes_prop-mod_pettifor_scope-1_propagg-diff_corragg-sum_bbagg-sum,rac,0.0039768801586702466
rac_decorr__topology,rac_decorr,topology,racs_bb-nodes_prop-X_scope-1_propagg-product_corragg-avg_bbagg-avg,rac,0.0037963989989046212
rac_decorr__topology,rac_decorr,topology,racs_bb-nodes_prop-X_scope-1_propagg-product_corragg-sum_bbagg-avg,rac,0.003599416720673129
rac_decorr__topology,rac_decorr,topology,racs_bb-nodes_prop-mod_pettifor_scope-1_propagg-product_corragg-avg_bbagg-sum,rac,0.0035882615956167392
rac_decorr__topology,rac_decorr,topology,racs_bb-nodes_prop-X_scope-2_propagg-product_corragg-avg_bbagg-avg,rac,0.0035087499324077107
rac_decorr__topology,rac_decorr,topology,racs_bb-nodes_prop-mod_pettifor_scope-2_propagg-diff_corragg-avg_bbagg-avg,rac,0.0029844228116252176
rac_decorr__topology,rac_decorr,topology,racs_bb-nodes_prop-X_scope-1_propagg-diff_corragg-avg_bbagg-sum,rac,0.00208198987158636
rac_all__random,rac_all,random,racs_bb-nodes_prop-T_scope-3_propagg-product_corragg-sum_bbagg-avg,rac,0.08802610283826794
rac_all__random,rac_all,random,racs_bb-nodes_prop-T_scope-3_propagg-product_corragg-avg_bbagg-avg,rac,0.08773530847695815
rac_all__random,rac_all,random,racs_bb-nodes_prop-T_scope-3_propagg-diff_corragg-avg_bbagg-avg,rac,0.029328731046269346
rac_all__random,rac_all,random,racs_bb-nodes_prop-T_scope-3_propagg-product_corragg-avg_bbagg-sum,rac,0.022639547772600004
rac_all__random,rac_all,random,racs_bb-nodes_prop-T_scope-3_propagg-diff_corragg-sum_bbagg-avg,rac,0.02083443636544668
rac_all__random,rac_all,random,racs_bb-nodes_prop-T_scope-3_propagg-product_corragg-sum_bbagg-sum,rac,0.018154993626528115
rac_all__random,rac_all,random,racs_bb-nodes_prop-X_scope-3_propagg-diff_corragg-avg_bbagg-avg,rac,0.015281431906316431
rac_all__random,rac_all,random,racs_bb-nodes_prop-X_scope-2_propagg-diff_corragg-sum_bbagg-avg,rac,0.012790715588497304
rac_all__random,rac_all,random,racs_bb-nodes_prop-T_scope-2_propagg-product_corragg-avg_bbagg-avg,rac,0.012145957098302117
rac_all__random,rac_all,random,racs_bb-nodes_prop-X_scope-3_propagg-diff_corragg-sum_bbagg-avg,rac,0.012079655410780883
rac_all__random,rac_all,random,racs_bb-nodes_prop-X_scope-3_propagg-product_corragg-avg_bbagg-avg,rac,0.011225375027861435
rac_all__random,rac_all,random,racs_bb-nodes_prop-T_scope-3_propagg-diff_corragg-avg_bbagg-sum,rac,0.011119376043441391
rac_all__random,rac_all,random,racs_bb-nodes_prop-T_scope-2_propagg-diff_corragg-avg_bbagg-avg,rac,0.010353900581883877
rac_all__random,rac_all,random,racs_bb-nodes_prop-T_scope-1_propagg-diff_corragg-avg_bbagg-avg,rac,0.009404250133788832
rac_all__random,rac_all,random,racs_bb-nodes_prop-X_scope-2_propagg-product_corragg-avg_bbagg-avg,rac,0.009264434524203353
rac_all__random,rac_all,random,racs_bb-nodes_prop-X_scope-1_propagg-diff_corragg-avg_bbagg-avg,rac,0.008458521736264223
rac_all__random,rac_all,random,racs_bb-nodes_prop-mod_pettifor_scope-3_propagg-diff_corragg-avg_bbagg-avg,rac,0.008271918659545486
rac_all__random,rac_all,random,racs_bb-nodes_prop-mod_pettifor_scope-3_propagg-product_corragg-sum_bbagg-avg,rac,0.008216032005085923
rac_all__random,rac_all,random,racs_bb-nodes_prop-mod_pettifor_scope-3_propagg-product_corragg-avg_bbagg-sum,rac,0.008195715705641385
rac_all__random,rac_all,random,racs_bb-nodes_prop-mod_pettifor_scope-3_propagg-product_corragg-avg_bbagg-avg,rac,0.007717860004405182
rac_all__random,rac_all,random,racs_bb-nodes_prop-X_scope-2_propagg-product_corragg-sum_bbagg-avg,rac,0.007607441511228671
rac_all__random,rac_all,random,racs_bb-nodes_prop-X_scope-3_propagg-product_corragg-sum_bbagg-sum,rac,0.007530580634797616
rac_all__random,rac_all,random,racs_bb-nodes_prop-X_scope-3_propagg-diff_corragg-sum_bbagg-sum,rac,0.006737727646363587
rac_all__random,rac_all,random,racs_bb-nodes_prop-mod_pettifor_scope-3_propagg-diff_corragg-sum_bbagg-sum,rac,0.006564276679807034
rac_all__random,rac_all,random,racs_bb-nodes_prop-I_scope-3_propagg-product_corragg-sum_bbagg-sum,rac,0.006430634997561581
rac_all__random,rac_all,random,racs_bb-nodes_prop-mod_pettifor_scope-1_propagg-product_corragg-sum_bbagg-avg,rac,0.006404939486682409
rac_all__random,rac_all,random,racs_bb-nodes_prop-X_scope-3_propagg-product_corragg-sum_bbagg-avg,rac,0.006389532937792434
rac_all__random,rac_all,random,racs_bb-nodes_prop-I_scope-2_propagg-product_corragg-sum_bbagg-avg,rac,0.006312182168280707
rac_all__random,rac_all,random,racs_bb-nodes_prop-X_scope-3_propagg-diff_corragg-avg_bbagg-sum,rac,0.005580618091529856
rac_all__random,rac_all,random,racs_bb-nodes_prop-X_scope-2_propagg-product_corragg-sum_bbagg-sum,rac,0.005562024620970085
rac_all__random,rac_all,random,racs_bb-nodes_prop-T_scope-2_propagg-product_corragg-avg_bbagg-sum,rac,0.005540423163038982
rac_all__random,rac_all,random,racs_bb-nodes_prop-mod_pettifor_scope-3_propagg-diff_corragg-avg_bbagg-sum,rac,0.00552560048830696
rac_all__random,rac_all,random,racs_bb-nodes_prop-T_scope-1_propagg-diff_corragg-sum_bbagg-sum,rac,0.005207231362586222
rac_all__random,rac_all,random,racs_bb-nodes_prop-T_scope-3_propagg-diff_corragg-sum_bbagg-sum,rac,0.005186196104940017
rac_all__random,rac_all,random,racs_bb-nodes_prop-T_scope-2_propagg-diff_corragg-sum_bbagg-sum,rac,0.005175337339860073
rac_all__random,rac_all,random,racs_bb-nodes_prop-mod_pettifor_scope-3_propagg-diff_corragg-sum_bbagg-avg,rac,0.00499359167220692
rac_all__random,rac_all,random,racs_bb-nodes_prop-X_scope-3_propagg-product_corragg-avg_bbagg-sum,rac,0.004926939156589414
rac_all__random,rac_all,random,racs_bb-nodes_prop-T_scope-1_propagg-diff_corragg-sum_bbagg-avg,rac,0.0047288038858616125
rac_all__random,rac_all,random,racs_bb-nodes_prop-X_scope-2_propagg-product_corragg-avg_bbagg-sum,rac,0.004719812204198291
rac_all__random,rac_all,random,racs_bb-nodes_prop-X_scope-2_propagg-diff_corragg-avg_bbagg-avg,rac,0.004708646399726471
rac_all__random,rac_all,random,racs_bb-nodes_prop-T_scope-2_propagg-diff_corragg-sum_bbagg-avg,rac,0.004136618696715061
rac_all__random,rac_all,random,racs_bb-nodes_prop-T_scope-2_propagg-product_corragg-sum_bbagg-sum,rac,0.004016571080796419
rac_all__random,rac_all,random,racs_bb-nodes_prop-T_scope-2_propagg-product_corragg-sum_bbagg-avg,rac,0.003916087400427396
rac_all__random,rac_all,random,racs_bb-nodes_prop-X_scope-1_propagg-diff_corragg-sum_bbagg-sum,rac,0.003566798590595523
rac_all__random,rac_all,random,racs_bb-nodes_prop-T_scope-1_propagg-product_corragg-avg_bbagg-avg,rac,0.003457533895325226
rac_all__random,rac_all,random,racs_bb-nodes_prop-I_scope-1_propagg-product_corragg-sum_bbagg-avg,rac,0.0034247815179328104
rac_all__random,rac_all,random,racs_bb-nodes_prop-I_scope-3_propagg-product_corragg-sum_bbagg-avg,rac,0.0031973713708327457
rac_all__random,rac_all,random,racs_bb-nodes_prop-T_scope-1_propagg-diff_corragg-avg_bbagg-sum,rac,0.003128305411261196
rac_all__random,rac_all,random,racs_bb-nodes_prop-mod_pettifor_scope-3_propagg-product_corragg-sum_bbagg-sum,rac,0.0030454188787192127
rac_all__random,rac_all,random,racs_bb-nodes_prop-X_scope-2_propagg-diff_corragg-sum_bbagg-sum,rac,0.00286954071547836
rac_all__random,rac_all,random,racs_bb-nodes_prop-X_scope-2_propagg-diff_corragg-avg_bbagg-sum,rac,0.0028341134851161995
rac_all__random,rac_all,random,racs_bb-nodes_prop-T_scope-2_propagg-diff_corragg-avg_bbagg-sum,rac,0.0027122299402315775
rac_all__random,rac_all,random,racs_bb-nodes_prop-mod_pettifor_scope-2_propagg-diff_corragg-avg_bbagg-avg,rac,0.002685768724828959
rac_all__random,rac_all,random,racs_bb-nodes_prop-mod_pettifor_scope-2_propagg-product_corragg-avg_bbagg-avg,rac,0.002456062252211076
rac_all__random,rac_all,random,racs_bb-nodes_prop-T_scope-1_propagg-product_corragg-sum_bbagg-avg,rac,0.0022270439590855173
rac_all__random,rac_all,random,racs_bb-nodes_prop-mod_pettifor_scope-1_propagg-product_corragg-avg_bbagg-avg,rac,0.00218853824898911
rac_all__random,rac_all,random,racs_bb-nodes_prop-I_scope-1_propagg-product_corragg-avg_bbagg-sum,rac,0.002132324972767381
rac_all__random,rac_all,random,racs_bb-nodes_prop-mod_pettifor_scope-2_propagg-diff_corragg-sum_bbagg-avg,rac,0.002099145108666269
rac_all__random,rac_all,random,racs_bb-nodes_prop-X_scope-1_propagg-product_corragg-sum_bbagg-avg,rac,0.0015855572705281262
rac_all__random,rac_all,random,racs_bb-nodes_prop-mod_pettifor_scope-2_propagg-diff_corragg-avg_bbagg-sum,rac,0.001555128276950369
rac_all__random,rac_all,random,racs_bb-nodes_prop-mod_pettifor_scope-2_propagg-diff_corragg-sum_bbagg-sum,rac,0.0014857987683142232
rac_all__random,rac_all,random,racs_bb-nodes_prop-X_scope-1_propagg-diff_corragg-sum_bbagg-avg,rac,0.001391291740946471
rac_all__random,rac_all,random,racs_bb-nodes_prop-X_scope-1_propagg-product_corragg-avg_bbagg-sum,rac,0.001366164163635112
rac_all__random,rac_all,random,racs_bb-nodes_prop-I_scope-2_propagg-product_corragg-sum_bbagg-sum,rac,0.0013252763651559758
rac_all__random,rac_all,random,racs_bb-nodes_prop-T_scope-1_propagg-product_corragg-avg_bbagg-sum,rac,0.0012419350655625268
rac_all__random,rac_all,random,racs_bb-nodes_prop-I_scope-1_propagg-product_corragg-sum_bbagg-sum,rac,0.0011103864272062973
rac_all__random,rac_all,random,racs_bb-nodes_prop-X_scope-1_propagg-diff_corragg-avg_bbagg-sum,rac,0.001101903816157332
rac_all__random,rac_all,random,racs_bb-nodes_prop-mod_pettifor_scope-1_propagg-product_corragg-avg_bbagg-sum,rac,0.0010517077886313204
rac_all__random,rac_all,random,racs_bb-nodes_prop-mod_pettifor_scope-1_propagg-diff_corragg-sum_bbagg-sum,rac,0.0010184162315765096
rac_all__random,rac_all,random,racs_bb-nodes_prop-mod_pettifor_scope-1_propagg-diff_corragg-avg_bbagg-avg,rac,0.0010014679949358098
rac_all__random,rac_all,random,racs_bb-nodes_prop-mod_pettifor_scope-2_propagg-product_corragg-avg_bbagg-sum,rac,0.0009988766059341539
rac_all__random,rac_all,random,racs_bb-nodes_prop-mod_pettifor_scope-2_propagg-product_corragg-sum_bbagg-avg,rac,0.0009636398057825871
rac_all__random,rac_all,random,racs_bb-nodes_prop-X_scope-1_propagg-product_corragg-avg_bbagg-avg,rac,0.0009537873962242145
rac_all__random,rac_all,random,racs_bb-nodes_prop-mod_pettifor_scope-1_propagg-product_corragg-sum_bbagg-sum,rac,0.0008678598516434434
rac_all__random,rac_all,random,racs_bb-nodes_prop-mod_pettifor_scope-2_propagg-product_corragg-sum_bbagg-sum,rac,0.0008247831293443849
rac_all__random,rac_all,random,racs_bb-nodes_prop-mod_pettifor_scope-1_propagg-diff_corragg-avg_bbagg-sum,rac,0.0008238435453859472
rac_all__random,rac_all,random,racs_bb-nodes_prop-T_scope-1_propagg-product_corragg-sum_bbagg-sum,rac,0.0005982504820699482
rac_all__random,rac_all,random,racs_bb-nodes_prop-mod_pettifor_scope-1_propagg-diff_corragg-sum_bbagg-avg,rac,0.00048020641994972994
rac_all__random,rac_all,random,racs_bb-nodes_prop-X_scope-1_propagg-product_corragg-sum_bbagg-sum,rac,0.00025342003912975453
rac_all__random,rac_all,random,racs_bb-nodes_prop-I_scope-3_propagg-product_corragg-avg_bbagg-sum,rac,0.0
rac_all__random,rac_all,random,racs_bb-nodes_prop-I_scope-2_propagg-product_corragg-avg_bbagg-sum,rac,0.0
rac_all__metal,rac_all,metal,racs_bb-nodes_prop-T_scope-3_propagg-product_corragg-sum_bbagg-avg,rac,0.10533181541702023
rac_all__metal,rac_all,metal,racs_bb-nodes_prop-T_scope-3_propagg-product_corragg-avg_bbagg-avg,rac,0.09687554603735611
rac_all__metal,rac_all,metal,racs_bb-nodes_prop-T_scope-3_propagg-product_corragg-sum_bbagg-sum,rac,0.0553222272996014
rac_all__metal,rac_all,metal,racs_bb-nodes_prop-T_scope-3_propagg-product_corragg-avg_bbagg-sum,rac,0.03568837387742473
rac_all__metal,rac_all,metal,racs_bb-nodes_prop-I_scope-2_propagg-product_corragg-sum_bbagg-avg,rac,0.030306816643293277
rac_all__metal,rac_all,metal,racs_bb-nodes_prop-T_scope-3_propagg-diff_corragg-avg_bbagg-avg,rac,0.02498639365717147
rac_all__metal,rac_all,metal,racs_bb-nodes_prop-X_scope-3_propagg-diff_corragg-avg_bbagg-sum,rac,0.023096674750742733
rac_all__metal,rac_all,metal,racs_bb-nodes_prop-X_scope-3_propagg-diff_corragg-avg_bbagg-avg,rac,0.021336300110133207
rac_all__metal,rac_all,metal,racs_bb-nodes_prop-T_scope-3_propagg-diff_corragg-avg_bbagg-sum,rac,0.020885097813714913
rac_all__metal,rac_all,metal,racs_bb-nodes_prop-T_scope-3_propagg-diff_corragg-sum_bbagg-avg,rac,0.01588556903880865
rac_all__metal,rac_all,metal,racs_bb-nodes_prop-T_scope-3_propagg-diff_corragg-sum_bbagg-sum,rac,0.015709735360417202
rac_all__metal,rac_all,metal,racs_bb-nodes_prop-T_scope-2_propagg-product_corragg-avg_bbagg-avg,rac,0.013773229611703805
rac_all__metal,rac_all,metal,racs_bb-nodes_prop-X_scope-1_propagg-product_corragg-avg_bbagg-avg,rac,0.013469907874626413
rac_all__metal,rac_all,metal,racs_bb-nodes_prop-X_scope-3_propagg-diff_corragg-sum_bbagg-avg,rac,0.013408149161141296
rac_all__metal,rac_all,metal,racs_bb-nodes_prop-X_scope-3_propagg-diff_corragg-sum_bbagg-sum,rac,0.01310931033121888
rac_all__metal,rac_all,metal,racs_bb-nodes_prop-T_scope-2_propagg-product_corragg-avg_bbagg-sum,rac,0.01139594651528708
rac_all__metal,rac_all,metal,racs_bb-nodes_prop-X_scope-3_propagg-product_corragg-avg_bbagg-sum,rac,0.011133868170422495
rac_all__metal,rac_all,metal,racs_bb-nodes_prop-mod_pettifor_scope-1_propagg-diff_corragg-avg_bbagg-avg,rac,0.010693270164479813
rac_all__metal,rac_all,metal,racs_bb-nodes_prop-X_scope-2_propagg-product_corragg-avg_bbagg-sum,rac,0.010165216406968729
rac_all__metal,rac_all,metal,racs_bb-nodes_prop-X_scope-3_propagg-product_corragg-sum_bbagg-avg,rac,0.01014938875548387
rac_all__metal,rac_all,metal,racs_bb-nodes_prop-mod_pettifor_scope-3_propagg-diff_corragg-sum_bbagg-avg,rac,0.009930797342389514
rac_all__metal,rac_all,metal,racs_bb-nodes_prop-T_scope-2_propagg-diff_corragg-avg_bbagg-avg,rac,0.009180099093613293
rac_all__metal,rac_all,metal,racs_bb-nodes_prop-X_scope-2_propagg-product_corragg-avg_bbagg-avg,rac,0.007507591997998142
rac_all__metal,rac_all,metal,racs_bb-nodes_prop-mod_pettifor_scope-2_propagg-product_corragg-sum_bbagg-avg,rac,0.007197475612981552
rac_all__metal,rac_all,metal,racs_bb-nodes_prop-I_scope-1_propagg-product_corragg-sum_bbagg-avg,rac,0.007060039283990234
rac_all__metal,rac_all,metal,racs_bb-nodes_prop-mod_pettifor_scope-2_propagg-diff_corragg-sum_bbagg-sum,rac,0.007031718019164791
rac_all__metal,rac_all,metal,racs_bb-nodes_prop-X_scope-2_propagg-diff_corragg-avg_bbagg-sum,rac,0.00699574503204814
rac_all__metal,rac_all,metal,racs_bb-nodes_prop-T_scope-2_propagg-product_corragg-sum_bbagg-avg,rac,0.006720458128285446
rac_all__metal,rac_all,metal,racs_bb-nodes_prop-X_scope-3_propagg-product_corragg-avg_bbagg-avg,rac,0.006676868581976742
rac_all__metal,rac_all,metal,racs_bb-nodes_prop-mod_pettifor_scope-3_propagg-product_corragg-avg_bbagg-avg,rac,0.006675486158731703
rac_all__metal,rac_all,metal,racs_bb-nodes_prop-T_scope-2_propagg-diff_corragg-avg_bbagg-sum,rac,0.0059283370374670795
rac_all__metal,rac_all,metal,racs_bb-nodes_prop-T_scope-1_propagg-diff_corragg-avg_bbagg-avg,rac,0.005890926882860555
rac_all__metal,rac_all,metal,racs_bb-nodes_prop-T_scope-2_propagg-diff_corragg-sum_bbagg-avg,rac,0.005876849696720022
rac_all__metal,rac_all,metal,racs_bb-nodes_prop-T_scope-2_propagg-product_corragg-sum_bbagg-sum,rac,0.0058243424025278875
rac_all__metal,rac_all,metal,racs_bb-nodes_prop-mod_pettifor_scope-3_propagg-product_corragg-sum_bbagg-avg,rac,0.005515388697572051
rac_all__metal,rac_all,metal,racs_bb-nodes_prop-mod_pettifor_scope-3_propagg-product_corragg-avg_bbagg-sum,rac,0.005101759317519611
rac_all__metal,rac_all,metal,racs_bb-nodes_prop-T_scope-1_propagg-product_corragg-avg_bbagg-avg,rac,0.004844712474624785
rac_all__metal,rac_all,metal,racs_bb-nodes_prop-mod_pettifor_scope-2_propagg-diff_corragg-sum_bbagg-avg,rac,0.004813266379518123
rac_all__metal,rac_all,metal,racs_bb-nodes_prop-X_scope-3_propagg-product_corragg-sum_bbagg-sum,rac,0.004623561145902306
rac_all__metal,rac_all,metal,racs_bb-nodes_prop-mod_pettifor_scope-2_propagg-diff_corragg-avg_bbagg-avg,rac,0.0045999868512898705
rac_all__metal,rac_all,metal,racs_bb-nodes_prop-mod_pettifor_scope-3_propagg-diff_corragg-sum_bbagg-sum,rac,0.004248968435095941
rac_all__metal,rac_all,metal,racs_bb-nodes_prop-X_scope-2_propagg-product_corragg-sum_bbagg-sum,rac,0.004054505200621982
rac_all__metal,rac_all,metal,racs_bb-nodes_prop-X_scope-2_propagg-diff_corragg-avg_bbagg-avg,rac,0.0036763048423904313
rac_all__metal,rac_all,metal,racs_bb-nodes_prop-mod_pettifor_scope-3_propagg-product_corragg-sum_bbagg-sum,rac,0.0036421885001595837
rac_all__metal,rac_all,metal,racs_bb-nodes_prop-X_scope-2_propagg-product_corragg-sum_bbagg-avg,rac,0.003605773829386259
rac_all__metal,rac_all,metal,racs_bb-nodes_prop-mod_pettifor_scope-3_propagg-diff_corragg-avg_bbagg-avg,rac,0.0034864224535088107
rac_all__metal,rac_all,metal,racs_bb-nodes_prop-mod_pettifor_scope-2_propagg-product_corragg-avg_bbagg-avg,rac,0.0033743806863217236
rac_all__metal,rac_all,metal,racs_bb-nodes_prop-T_scope-1_propagg-diff_corragg-sum_bbagg-sum,rac,0.003288071553621752
rac_all__metal,rac_all,metal,racs_bb-nodes_prop-X_scope-1_propagg-product_corragg-avg_bbagg-sum,rac,0.0031627221125346814
rac_all__metal,rac_all,metal,racs_bb-nodes_prop-X_scope-2_propagg-diff_corragg-sum_bbagg-sum,rac,0.0029951569400545885
rac_all__metal,rac_all,metal,racs_bb-nodes_prop-X_scope-1_propagg-diff_corragg-sum_bbagg-sum,rac,0.0029828174274244036
rac_all__metal,rac_all,metal,racs_bb-nodes_prop-X_scope-2_propagg-diff_corragg-sum_bbagg-avg,rac,0.002739494826747106
rac_all__metal,rac_all,metal,racs_bb-nodes_prop-mod_pettifor_scope-1_propagg-product_corragg-avg_bbagg-avg,rac,0.002415559575955074
rac_all__metal,rac_all,metal,racs_bb-nodes_prop-T_scope-2_propagg-diff_corragg-sum_bbagg-sum,rac,0.002325878748247246
rac_all__metal,rac_all,metal,racs_bb-nodes_prop-mod_pettifor_scope-3_propagg-diff_corragg-avg_bbagg-sum,rac,0.0023144284878458725
rac_all__metal,rac_all,metal,racs_bb-nodes_prop-mod_pettifor_scope-2_propagg-diff_corragg-avg_bbagg-sum,rac,0.002284850856242458
rac_all__metal,rac_all,metal,racs_bb-nodes_prop-I_scope-3_propagg-product_corragg-sum_bbagg-sum,rac,0.0022697112553574446
rac_all__metal,rac_all,metal,racs_bb-nodes_prop-X_scope-1_propagg-diff_corragg-avg_bbagg-avg,rac,0.002239173501677189
rac_all__metal,rac_all,metal,racs_bb-nodes_prop-I_scope-3_propagg-product_corragg-sum_bbagg-avg,rac,0.0021495366542584535
rac_all__metal,rac_all,metal,racs_bb-nodes_prop-I_scope-2_propagg-product_corragg-sum_bbagg-sum,rac,0.0019281783565195875
rac_all__metal,rac_all,metal,racs_bb-nodes_prop-T_scope-1_propagg-diff_corragg-sum_bbagg-avg,rac,0.0015895971317958421
rac_all__metal,rac_all,metal,racs_bb-nodes_prop-X_scope-1_propagg-diff_corragg-sum_bbagg-avg,rac,0.0014572227676647406
rac_all__metal,rac_all,metal,racs_bb-nodes_prop-T_scope-1_propagg-product_corragg-avg_bbagg-sum,rac,0.001391874868295464
rac_all__metal,rac_all,metal,racs_bb-nodes_prop-mod_pettifor_scope-1_propagg-diff_corragg-sum_bbagg-avg,rac,0.0013436873410625158
rac_all__metal,rac_all,metal,racs_bb-nodes_prop-mod_pettifor_scope-1_propagg-product_corragg-sum_bbagg-sum,rac,0.0013219446040441583
rac_all__metal,rac_all,metal,racs_bb-nodes_prop-mod_pettifor_scope-2_propagg-product_corragg-avg_bbagg-sum,rac,0.0012825198614502722
rac_all__metal,rac_all,metal,racs_bb-nodes_prop-T_scope-1_propagg-diff_corragg-avg_bbagg-sum,rac,0.001254654746168139
rac_all__metal,rac_all,metal,racs_bb-nodes_prop-X_scope-1_propagg-product_corragg-sum_bbagg-avg,rac,0.0012171422421187173
rac_all__metal,rac_all,metal,racs_bb-nodes_prop-T_scope-1_propagg-product_corragg-sum_bbagg-sum,rac,0.0011526411247455228
rac_all__metal,rac_all,metal,racs_bb-nodes_prop-X_scope-1_propagg-diff_corragg-avg_bbagg-sum,rac,0.0010757811647529399
rac_all__metal,rac_all,metal,racs_bb-nodes_prop-I_scope-1_propagg-product_corragg-avg_bbagg-sum,rac,0.0008896408910614752
rac_all__metal,rac_all,metal,racs_bb-nodes_prop-I_scope-1_propagg-product_corragg-sum_bbagg-sum,rac,0.0008800019392976541
rac_all__metal,rac_all,metal,racs_bb-nodes_prop-T_scope-1_propagg-product_corragg-sum_bbagg-avg,rac,0.0008412296083942073
rac_all__metal,rac_all,metal,racs_bb-nodes_prop-mod_pettifor_scope-1_propagg-product_corragg-sum_bbagg-avg,rac,0.0008259656320160624
rac_all__metal,rac_all,metal,racs_bb-nodes_prop-mod_pettifor_scope-2_propagg-product_corragg-sum_bbagg-sum,rac,0.0007124689375792989
rac_all__metal,rac_all,metal,racs_bb-nodes_prop-X_scope-1_propagg-product_corragg-sum_bbagg-sum,rac,0.0006251786604026954
rac_all__metal,rac_all,metal,racs_bb-nodes_prop-mod_pettifor_scope-1_propagg-product_corragg-avg_bbagg-sum,rac,0.00037821023595208846
rac_all__metal,rac_all,metal,racs_bb-nodes_prop-mod_pettifor_scope-1_propagg-diff_corragg-avg_bbagg-sum,rac,0.00015762984071237494
rac_all__metal,rac_all,metal,racs_bb-nodes_prop-mod_pettifor_scope-1_propagg-diff_corragg-sum_bbagg-sum,rac,3.7516088212529706e-05
rac_all__metal,rac_all,metal,racs_bb-nodes_prop-I_scope-3_propagg-product_corragg-avg_bbagg-sum,rac,0.0
rac_all__metal,rac_all,metal,racs_bb-nodes_prop-I_scope-2_propagg-product_corragg-avg_bbagg-sum,rac,0.0
rac_all__topology,rac_all,topology,racs_bb-nodes_prop-T_scope-3_propagg-product_corragg-avg_bbagg-avg,rac,0.14610289120446476
rac_all__topology,rac_all,topology,racs_bb-nodes_prop-T_scope-3_propagg-product_corragg-sum_bbagg-avg,rac,0.1251479719362946
rac_all__topology,rac_all,topology,racs_bb-nodes_prop-T_scope-1_propagg-diff_corragg-sum_bbagg-sum,rac,0.03986753256111922
rac_all__topology,rac_all,topology,racs_bb-nodes_prop-T_scope-3_propagg-diff_corragg-avg_bbagg-avg,rac,0.03049902771837595
rac_all__topology,rac_all,topology,racs_bb-nodes_prop-T_scope-3_propagg-product_corragg-sum_bbagg-sum,rac,0.02832644012942909
rac_all__topology,rac_all,topology,racs_bb-nodes_prop-T_scope-3_propagg-diff_corragg-avg_bbagg-sum,rac,0.02297987519349488
rac_all__topology,rac_all,topology,racs_bb-nodes_prop-T_scope-2_propagg-product_corragg-avg_bbagg-sum,rac,0.018480121543010066
rac_all__topology,rac_all,topology,racs_bb-nodes_prop-T_scope-3_propagg-product_corragg-avg_bbagg-sum,rac,0.018342037359769973
rac_all__topology,rac_all,topology,racs_bb-nodes_prop-X_scope-2_propagg-diff_corragg-sum_bbagg-avg,rac,0.018191833547626934
rac_all__topology,rac_all,topology,racs_bb-nodes_prop-T_scope-3_propagg-diff_corragg-sum_bbagg-avg,rac,0.013943016793371897
rac_all__topology,rac_all,topology,racs_bb-nodes_prop-X_scope-3_propagg-diff_corragg-avg_bbagg-avg,rac,0.01354331004723079
rac_all__topology,rac_all,topology,racs_bb-nodes_prop-T_scope-2_propagg-product_corragg-avg_bbagg-avg,rac,0.013473031088709835
rac_all__topology,rac_all,topology,racs_bb-nodes_prop-T_scope-1_propagg-diff_corragg-avg_bbagg-avg,rac,0.011988694718314541
rac_all__topology,rac_all,topology,racs_bb-nodes_prop-T_scope-1_propagg-diff_corragg-avg_bbagg-sum,rac,0.009495137180512146
rac_all__topology,rac_all,topology,racs_bb-nodes_prop-T_scope-2_propagg-diff_corragg-avg_bbagg-avg,rac,0.009462021555441125
rac_all__topology,rac_all,topology,racs_bb-nodes_prop-X_scope-2_propagg-diff_corragg-sum_bbagg-sum,rac,0.009439319020344155
rac_all__topology,rac_all,topology,racs_bb-nodes_prop-X_scope-3_propagg-diff_corragg-sum_bbagg-sum,rac,0.009282641196209519
rac_all__topology,rac_all,topology,racs_bb-nodes_prop-X_scope-2_propagg-product_corragg-avg_bbagg-sum,rac,0.00920337803692867
rac_all__topology,rac_all,topology,racs_bb-nodes_prop-T_scope-1_propagg-diff_corragg-sum_bbagg-avg,rac,0.00909220734724982
rac_all__topology,rac_all,topology,racs_bb-nodes_prop-X_scope-2_propagg-diff_corragg-avg_bbagg-avg,rac,0.008960631430873434
rac_all__topology,rac_all,topology,racs_bb-nodes_prop-I_scope-2_propagg-product_corragg-sum_bbagg-avg,rac,0.008652359727666615
rac_all__topology,rac_all,topology,racs_bb-nodes_prop-I_scope-1_propagg-product_corragg-sum_bbagg-avg,rac,0.00804184515898426
rac_all__topology,rac_all,topology,racs_bb-nodes_prop-T_scope-2_propagg-diff_corragg-sum_bbagg-avg,rac,0.008035402985186214
rac_all__topology,rac_all,topology,racs_bb-nodes_prop-T_scope-2_propagg-diff_corragg-sum_bbagg-sum,rac,0.007993173380175397
rac_all__topology,rac_all,topology,racs_bb-nodes_prop-X_scope-3_propagg-diff_corragg-sum_bbagg-avg,rac,0.007646895009817346
rac_all__topology,rac_all,topology,racs_bb-nodes_prop-X_scope-3_propagg-product_corragg-avg_bbagg-sum,rac,0.006855218885259498
rac_all__topology,rac_all,topology,racs_bb-nodes_prop-X_scope-3_propagg-product_corragg-sum_bbagg-avg,rac,0.006579635351068442
rac_all__topology,rac_all,topology,racs_bb-nodes_prop-T_scope-2_propagg-product_corragg-sum_bbagg-avg,rac,0.006429535618983204
rac_all__topology,rac_all,topology,racs_bb-nodes_prop-T_scope-3_propagg-diff_corragg-sum_bbagg-sum,rac,0.006219420694746076
rac_all__topology,rac_all,topology,racs_bb-nodes_prop-mod_pettifor_scope-2_propagg-product_corragg-avg_bbagg-avg,rac,0.006014923041686419
rac_all__topology,rac_all,topology,racs_bb-nodes_prop-X_scope-3_propagg-diff_corragg-avg_bbagg-sum,rac,0.005915757189090884
rac_all__topology,rac_all,topology,racs_bb-nodes_prop-mod_pettifor_scope-3_propagg-product_corragg-avg_bbagg-avg,rac,0.005863592934794724
rac_all__topology,rac_all,topology,racs_bb-nodes_prop-X_scope-2_propagg-diff_corragg-avg_bbagg-sum,rac,0.005730418998023704
rac_all__topology,rac_all,topology,racs_bb-nodes_prop-mod_pettifor_scope-3_propagg-diff_corragg-avg_bbagg-avg,rac,0.005676678805508547
rac_all__topology,rac_all,topology,racs_bb-nodes_prop-I_scope-3_propagg-product_corragg-sum_bbagg-avg,rac,0.005622320793051681
rac_all__topology,rac_all,topology,racs_bb-nodes_prop-mod_pettifor_scope-3_propagg-product_corragg-sum_bbagg-avg,rac,0.0055758834642668596
rac_all__topology,rac_all,topology,racs_bb-nodes_prop-X_scope-2_propagg-product_corragg-sum_bbagg-avg,rac,0.00545447623057084
rac_all__topology,rac_all,topology,racs_bb-nodes_prop-X_scope-3_propagg-product_corragg-avg_bbagg-avg,rac,0.0054010099933172245
rac_all__topology,rac_all,topology,racs_bb-nodes_prop-mod_pettifor_scope-3_propagg-product_corragg-avg_bbagg-sum,rac,0.0053686688534087595
rac_all__topology,rac_all,topology,racs_bb-nodes_prop-X_scope-3_propagg-product_corragg-sum_bbagg-sum,rac,0.00530850056889984
rac_all__topology,rac_all,topology,racs_bb-nodes_prop-mod_pettifor_scope-1_propagg-product_corragg-sum_bbagg-avg,rac,0.005087985354475677
rac_all__topology,rac_all,topology,racs_bb-nodes_prop-T_scope-1_propagg-product_corragg-sum_bbagg-avg,rac,0.004957676063188246
rac_all__topology,rac_all,topology,racs_bb-nodes_prop-X_scope-2_propagg-product_corragg-avg_bbagg-avg,rac,0.004860411036759616
rac_all__topology,rac_all,topology,racs_bb-nodes_prop-mod_pettifor_scope-2_propagg-diff_corragg-sum_bbagg-sum,rac,0.0047285834263182365
rac_all__topology,rac_all,topology,racs_bb-nodes_prop-T_scope-2_propagg-diff_corragg-avg_bbagg-sum,rac,0.0047074815006926665
rac_all__topology,rac_all,topology,racs_bb-nodes_prop-mod_pettifor_scope-3_propagg-diff_corragg-avg_bbagg-sum,rac,0.004701129706783432
rac_all__topology,rac_all,topology,racs_bb-nodes_prop-X_scope-1_propagg-diff_corragg-avg_bbagg-avg,rac,0.004695126069813135
rac_all__topology,rac_all,topology,racs_bb-nodes_prop-T_scope-1_propagg-product_corragg-avg_bbagg-avg,rac,0.004153644882763428
rac_all__topology,rac_all,topology,racs_bb-nodes_prop-mod_pettifor_scope-1_propagg-product_corragg-avg_bbagg-avg,rac,0.004108134443354278
rac_all__topology,rac_all,topology,racs_bb-nodes_prop-I_scope-3_propagg-product_corragg-sum_bbagg-sum,rac,0.0039838457372453505
rac_all__topology,rac_all,topology,racs_bb-nodes_prop-mod_pettifor_scope-3_propagg-diff_corragg-sum_bbagg-avg,rac,0.00393464496969763
rac_all__topology,rac_all,topology,racs_bb-nodes_prop-T_scope-1_propagg-product_corragg-sum_bbagg-sum,rac,0.0037708415688119004
rac_all__topology,rac_all,topology,racs_bb-nodes_prop-mod_pettifor_scope-2_propagg-diff_corragg-avg_bbagg-sum,rac,0.0036517472898380645
rac_all__topology,rac_all,topology,racs_bb-nodes_prop-T_scope-2_propagg-product_corragg-sum_bbagg-sum,rac,0.0035650689836798414
rac_all__topology,rac_all,topology,racs_bb-nodes_prop-mod_pettifor_scope-2_propagg-diff_corragg-sum_bbagg-avg,rac,0.0034605938613207787
rac_all__topology,rac_all,topology,racs_bb-nodes_prop-mod_pettifor_scope-3_propagg-diff_corragg-sum_bbagg-sum,rac,0.0034534439053386465
rac_all__topology,rac_all,topology,racs_bb-nodes_prop-mod_pettifor_scope-1_propagg-product_corragg-avg_bbagg-sum,rac,0.003256187830223807
rac_all__topology,rac_all,topology,racs_bb-nodes_prop-X_scope-1_propagg-diff_corragg-sum_bbagg-avg,rac,0.003229113111065491
rac_all__topology,rac_all,topology,racs_bb-nodes_prop-X_scope-1_propagg-product_corragg-sum_bbagg-avg,rac,0.00321996837657773
rac_all__topology,rac_all,topology,racs_bb-nodes_prop-mod_pettifor_scope-2_propagg-diff_corragg-avg_bbagg-avg,rac,0.0031714900478513747
rac_all__topology,rac_all,topology,racs_bb-nodes_prop-mod_pettifor_scope-3_propagg-product_corragg-sum_bbagg-sum,rac,0.002918633870159591
rac_all__topology,rac_all,topology,racs_bb-nodes_prop-mod_pettifor_scope-2_propagg-product_corragg-avg_bbagg-sum,rac,0.002872076495654053
rac_all__topology,rac_all,topology,racs_bb-nodes_prop-mod_pettifor_scope-2_propagg-product_corragg-sum_bbagg-avg,rac,0.0027074612238340884
rac_all__topology,rac_all,topology,racs_bb-nodes_prop-X_scope-1_propagg-diff_corragg-sum_bbagg-sum,rac,0.0027041419769326834
rac_all__topology,rac_all,topology,racs_bb-nodes_prop-mod_pettifor_scope-1_propagg-diff_corragg-avg_bbagg-sum,rac,0.0026656843007852606
rac_all__topology,rac_all,topology,racs_bb-nodes_prop-mod_pettifor_scope-2_propagg-product_corragg-sum_bbagg-sum,rac,0.0025423220083531394
rac_all__topology,rac_all,topology,racs_bb-nodes_prop-X_scope-2_propagg-product_corragg-sum_bbagg-sum,rac,0.0022067265108020764
rac_all__topology,rac_all,topology,racs_bb-nodes_prop-I_scope-2_propagg-product_corragg-sum_bbagg-sum,rac,0.0019053963173387783
rac_all__topology,rac_all,topology,racs_bb-nodes_prop-mod_pettifor_scope-1_propagg-diff_corragg-avg_bbagg-avg,rac,0.0018610352274651336
rac_all__topology,rac_all,topology,racs_bb-nodes_prop-X_scope-1_propagg-product_corragg-avg_bbagg-avg,rac,0.0015802500064795257
rac_all__topology,rac_all,topology,racs_bb-nodes_prop-I_scope-1_propagg-product_corragg-sum_bbagg-sum,rac,0.0014234944685465735
rac_all__topology,rac_all,topology,racs_bb-nodes_prop-T_scope-1_propagg-product_corragg-avg_bbagg-sum,rac,0.001270125537593334
rac_all__topology,rac_all,topology,racs_bb-nodes_prop-mod_pettifor_scope-1_propagg-diff_corragg-sum_bbagg-avg,rac,0.0011380982781863888
rac_all__topology,rac_all,topology,racs_bb-nodes_prop-mod_pettifor_scope-1_propagg-diff_corragg-sum_bbagg-sum,rac,0.0010120639327085678
rac_all__topology,rac_all,topology,racs_bb-nodes_prop-I_scope-1_propagg-product_corragg-avg_bbagg-sum,rac,0.000997480176182259
rac_all__topology,rac_all,topology,racs_bb-nodes_prop-X_scope-1_propagg-product_corragg-avg_bbagg-sum,rac,0.0009240878567927447
rac_all__topology,rac_all,topology,racs_bb-nodes_prop-X_scope-1_propagg-diff_corragg-avg_bbagg-sum,rac,0.0007992172665480135
rac_all__topology,rac_all,topology,racs_bb-nodes_prop-X_scope-1_propagg-product_corragg-sum_bbagg-sum,rac,0.0005535784587264053
rac_all__topology,rac_all,topology,racs_bb-nodes_prop-mod_pettifor_scope-1_propagg-product_corragg-sum_bbagg-sum,rac,0.000461941990587445
rac_all__topology,rac_all,topology,racs_bb-nodes_prop-I_scope-2_propagg-product_corragg-avg_bbagg-sum,rac,0.00022938225542505698
rac_all__topology,rac_all,topology,racs_bb-nodes_prop-I_scope-3_propagg-product_corragg-avg_bbagg-sum,rac,1.1797762579387102e-06
combined_decorr__random,combined_decorr,random,void_fraction,geo,0.48655411189317954
combined_decorr__random,combined_decorr,random,pld,geo,0.3129899135373327
combined_decorr__random,combined_decorr,random,surface_area_m2cm3,geo,0.24019498118200674
combined_decorr__random,combined_decorr,random,density_g_cm3,geo,0.16600576088926028
combined_decorr__random,combined_decorr,random,surface_area_m2g,geo,0.14200463619585615
combined_decorr__random,combined_decorr,random,racs_bb-nodes_prop-T_scope-3_propagg-product_corragg-avg_bbagg-avg,rac,0.07742210460202673
combined_decorr__random,combined_decorr,random,racs_bb-nodes_prop-T_scope-3_propagg-diff_corragg-avg_bbagg-avg,rac,0.03931825575290788
combined_decorr__random,combined_decorr,random,racs_bb-nodes_prop-T_scope-3_propagg-product_corragg-avg_bbagg-sum,rac,0.02319535524872868
combined_decorr__random,combined_decorr,random,racs_bb-nodes_prop-T_scope-2_propagg-product_corragg-avg_bbagg-avg,rac,0.01688190643896788
combined_decorr__random,combined_decorr,random,racs_bb-nodes_prop-X_scope-2_propagg-product_corragg-avg_bbagg-sum,rac,0.013869201667277653
combined_decorr__random,combined_decorr,random,racs_bb-nodes_prop-X_scope-3_propagg-diff_corragg-sum_bbagg-avg,rac,0.01377352643367501
combined_decorr__random,combined_decorr,random,racs_bb-nodes_prop-T_scope-1_propagg-diff_corragg-avg_bbagg-avg,rac,0.01198024740603344
combined_decorr__random,combined_decorr,random,racs_bb-nodes_prop-X_scope-2_propagg-diff_corragg-avg_bbagg-sum,rac,0.009907792671516806
combined_decorr__random,combined_decorr,random,racs_bb-nodes_prop-mod_pettifor_scope-3_propagg-product_corragg-sum_bbagg-avg,rac,0.009476046195267443
combined_decorr__random,combined_decorr,random,racs_bb-nodes_prop-mod_pettifor_scope-3_propagg-diff_corragg-sum_bbagg-avg,rac,0.00924857248348704
combined_decorr__random,combined_decorr,random,racs_bb-nodes_prop-X_scope-3_propagg-product_corragg-avg_bbagg-avg,rac,0.008987799957498915
combined_decorr__random,combined_decorr,random,racs_bb-nodes_prop-T_scope-2_propagg-product_corragg-sum_bbagg-sum,rac,0.008377263142685772
combined_decorr__random,combined_decorr,random,racs_bb-nodes_prop-X_scope-2_propagg-diff_corragg-avg_bbagg-avg,rac,0.007927979874081304
combined_decorr__random,combined_decorr,random,racs_bb-nodes_prop-X_scope-3_propagg-product_corragg-sum_bbagg-avg,rac,0.007872022182470094
combined_decorr__random,combined_decorr,random,racs_bb-nodes_prop-T_scope-2_propagg-diff_corragg-avg_bbagg-sum,rac,0.00730627394114537
combined_decorr__random,combined_decorr,random,racs_bb-nodes_prop-T_scope-1_propagg-product_corragg-avg_bbagg-avg,rac,0.0060799479227105924
combined_decorr__random,combined_decorr,random,racs_bb-nodes_prop-X_scope-2_propagg-product_corragg-avg_bbagg-avg,rac,0.0059499104030616085
combined_decorr__random,combined_decorr,random,racs_bb-nodes_prop-X_scope-1_propagg-diff_corragg-avg_bbagg-avg,rac,0.005841997507020545
combined_decorr__random,combined_decorr,random,racs_bb-nodes_prop-T_scope-2_propagg-diff_corragg-avg_bbagg-avg,rac,0.005636259332434287
combined_decorr__random,combined_decorr,random,racs_bb-nodes_prop-I_scope-2_propagg-product_corragg-sum_bbagg-sum,rac,0.005362402158859552
combined_decorr__random,combined_decorr,random,racs_bb-nodes_prop-mod_pettifor_scope-2_propagg-diff_corragg-avg_bbagg-avg,rac,0.005201223167935446
combined_decorr__random,combined_decorr,random,racs_bb-nodes_prop-X_scope-2_propagg-product_corragg-sum_bbagg-avg,rac,0.00495589120504337
combined_decorr__random,combined_decorr,random,racs_bb-nodes_prop-mod_pettifor_scope-2_propagg-product_corragg-sum_bbagg-avg,rac,0.00485906672633981
combined_decorr__random,combined_decorr,random,racs_bb-nodes_prop-mod_pettifor_scope-2_propagg-product_corragg-sum_bbagg-sum,rac,0.004237818544385719
combined_decorr__random,combined_decorr,random,racs_bb-nodes_prop-X_scope-2_propagg-diff_corragg-sum_bbagg-avg,rac,0.00360415046548087
combined_decorr__random,combined_decorr,random,racs_bb-nodes_prop-T_scope-2_propagg-diff_corragg-sum_bbagg-sum,rac,0.003505903884527435
combined_decorr__random,combined_decorr,random,racs_bb-nodes_prop-mod_pettifor_scope-2_propagg-diff_corragg-sum_bbagg-sum,rac,0.0032325746297656418
combined_decorr__random,combined_decorr,random,racs_bb-nodes_prop-T_scope-2_propagg-diff_corragg-sum_bbagg-avg,rac,0.0031358035885284143
combined_decorr__random,combined_decorr,random,racs_bb-nodes_prop-X_scope-2_propagg-diff_corragg-sum_bbagg-sum,rac,0.0030036991620893422
combined_decorr__random,combined_decorr,random,racs_bb-nodes_prop-mod_pettifor_scope-1_propagg-diff_corragg-sum_bbagg-sum,rac,0.0030011531450700986
combined_decorr__random,combined_decorr,random,racs_bb-nodes_prop-T_scope-2_propagg-product_corragg-sum_bbagg-avg,rac,0.0029679857160354196
combined_decorr__random,combined_decorr,random,racs_bb-nodes_prop-mod_pettifor_scope-2_propagg-diff_corragg-sum_bbagg-avg,rac,0.002943440380918331
combined_decorr__random,combined_decorr,random,racs_bb-nodes_prop-mod_pettifor_scope-2_propagg-diff_corragg-avg_bbagg-sum,rac,0.0026156700746425583
combined_decorr__random,combined_decorr,random,racs_bb-nodes_prop-mod_pettifor_scope-2_propagg-product_corragg-avg_bbagg-avg,rac,0.0025845329518166442
combined_decorr__random,combined_decorr,random,racs_bb-nodes_prop-I_scope-3_propagg-product_corragg-sum_bbagg-avg,rac,0.0024131913845424767
combined_decorr__random,combined_decorr,random,racs_bb-nodes_prop-mod_pettifor_scope-1_propagg-diff_corragg-avg_bbagg-sum,rac,0.0021143727453637046
combined_decorr__random,combined_decorr,random,racs_bb-nodes_prop-mod_pettifor_scope-1_propagg-diff_corragg-avg_bbagg-avg,rac,0.0019341404890895117
combined_decorr__random,combined_decorr,random,racs_bb-nodes_prop-I_scope-1_propagg-product_corragg-sum_bbagg-avg,rac,0.0019174017383246787
combined_decorr__random,combined_decorr,random,racs_bb-nodes_prop-X_scope-1_propagg-product_corragg-sum_bbagg-avg,rac,0.001864138152321682
combined_decorr__random,combined_decorr,random,racs_bb-nodes_prop-mod_pettifor_scope-1_propagg-product_corragg-sum_bbagg-avg,rac,0.001696801933812693
combined_decorr__random,combined_decorr,random,racs_bb-nodes_prop-X_scope-1_propagg-diff_corragg-avg_bbagg-sum,rac,0.0015991627525359957
combined_decorr__random,combined_decorr,random,racs_bb-nodes_prop-X_scope-1_propagg-diff_corragg-sum_bbagg-avg,rac,0.0015484236654618332
combined_decorr__random,combined_decorr,random,racs_bb-nodes_prop-X_scope-1_propagg-product_corragg-avg_bbagg-avg,rac,0.0015096446938065295
combined_decorr__random,combined_decorr,random,racs_bb-nodes_prop-mod_pettifor_scope-1_propagg-product_corragg-avg_bbagg-sum,rac,0.0013059459570618664
combined_decorr__random,combined_decorr,random,racs_bb-nodes_prop-I_scope-2_propagg-product_corragg-sum_bbagg-avg,rac,0.001059843032050558
combined_decorr__metal,combined_decorr,metal,void_fraction,geo,0.47462914770308423
combined_decorr__metal,combined_decorr,metal,pld,geo,0.27777179100245564
combined_decorr__metal,combined_decorr,metal,surface_area_m2cm3,geo,0.24000358640090574
combined_decorr__metal,combined_decorr,metal,density_g_cm3,geo,0.16613793251151182
combined_decorr__metal,combined_decorr,metal,surface_area_m2g,geo,0.15005042662810789
combined_decorr__metal,combined_decorr,metal,racs_bb-nodes_prop-T_scope-3_propagg-product_corragg-avg_bbagg-avg,rac,0.08006645084427111
combined_decorr__metal,combined_decorr,metal,racs_bb-nodes_prop-T_scope-3_propagg-diff_corragg-avg_bbagg-avg,rac,0.049713114213074144
combined_decorr__metal,combined_decorr,metal,racs_bb-nodes_prop-T_scope-3_propagg-product_corragg-avg_bbagg-sum,rac,0.030847421242074277
combined_decorr__metal,combined_decorr,metal,racs_bb-nodes_prop-X_scope-2_propagg-product_corragg-avg_bbagg-avg,rac,0.021609788325178837
combined_decorr__metal,combined_decorr,metal,racs_bb-nodes_prop-X_scope-2_propagg-diff_corragg-avg_bbagg-sum,rac,0.018464793803651056
combined_decorr__metal,combined_decorr,metal,racs_bb-nodes_prop-X_scope-2_propagg-diff_corragg-avg_bbagg-avg,rac,0.012995473470132107
combined_decorr__metal,combined_decorr,metal,racs_bb-nodes_prop-T_scope-1_propagg-diff_corragg-avg_bbagg-avg,rac,0.012844307119587851
combined_decorr__metal,combined_decorr,metal,racs_bb-nodes_prop-X_scope-2_propagg-product_corragg-avg_bbagg-sum,rac,0.012565995773201787
combined_decorr__metal,combined_decorr,metal,racs_bb-nodes_prop-X_scope-2_propagg-diff_corragg-sum_bbagg-sum,rac,0.012080540305771902
combined_decorr__metal,combined_decorr,metal,racs_bb-nodes_prop-X_scope-3_propagg-product_corragg-avg_bbagg-avg,rac,0.011681543601443443
combined_decorr__metal,combined_decorr,metal,racs_bb-nodes_prop-X_scope-1_propagg-diff_corragg-avg_bbagg-sum,rac,0.011581484686625853
combined_decorr__metal,combined_decorr,metal,racs_bb-nodes_prop-T_scope-2_propagg-product_corragg-avg_bbagg-avg,rac,0.010514589668154736
combined_decorr__metal,combined_decorr,metal,racs_bb-nodes_prop-mod_pettifor_scope-3_propagg-product_corragg-sum_bbagg-avg,rac,0.00926892785378552
combined_decorr__metal,combined_decorr,metal,racs_bb-nodes_prop-X_scope-3_propagg-diff_corragg-sum_bbagg-avg,rac,0.007804765527515608
combined_decorr__metal,combined_decorr,metal,racs_bb-nodes_prop-mod_pettifor_scope-3_propagg-diff_corragg-sum_bbagg-avg,rac,0.0078016240434663955
combined_decorr__metal,combined_decorr,metal,racs_bb-nodes_prop-X_scope-3_propagg-product_corragg-sum_bbagg-avg,rac,0.00646918474310511
combined_decorr__metal,combined_decorr,metal,racs_bb-nodes_prop-mod_pettifor_scope-2_propagg-diff_corragg-sum_bbagg-avg,rac,0.006362168129854722
combined_decorr__metal,combined_decorr,metal,racs_bb-nodes_prop-T_scope-2_propagg-diff_corragg-avg_bbagg-avg,rac,0.005987817871735511
combined_decorr__metal,combined_decorr,metal,racs_bb-nodes_prop-T_scope-2_propagg-diff_corragg-sum_bbagg-avg,rac,0.005333264850312915
combined_decorr__metal,combined_decorr,metal,racs_bb-nodes_prop-X_scope-1_propagg-product_corragg-avg_bbagg-avg,rac,0.005169651076347147
combined_decorr__metal,combined_decorr,metal,racs_bb-nodes_prop-T_scope-2_propagg-product_corragg-sum_bbagg-sum,rac,0.005058683404092374
combined_decorr__metal,combined_decorr,metal,racs_bb-nodes_prop-T_scope-2_propagg-diff_corragg-avg_bbagg-sum,rac,0.004950568085928009
combined_decorr__metal,combined_decorr,metal,racs_bb-nodes_prop-mod_pettifor_scope-2_propagg-diff_corragg-avg_bbagg-sum,rac,0.0047100904840486355
combined_decorr__metal,combined_decorr,metal,racs_bb-nodes_prop-X_scope-1_propagg-diff_corragg-avg_bbagg-avg,rac,0.0046298178786980575
combined_decorr__metal,combined_decorr,metal,racs_bb-nodes_prop-mod_pettifor_scope-2_propagg-diff_corragg-sum_bbagg-sum,rac,0.00438808534650808
combined_decorr__metal,combined_decorr,metal,racs_bb-nodes_prop-X_scope-2_propagg-product_corragg-sum_bbagg-avg,rac,0.004080220978285688
combined_decorr__metal,combined_decorr,metal,racs_bb-nodes_prop-mod_pettifor_scope-1_propagg-product_corragg-sum_bbagg-avg,rac,0.004041538506601821
combined_decorr__metal,combined_decorr,metal,racs_bb-nodes_prop-mod_pettifor_scope-2_propagg-product_corragg-avg_bbagg-avg,rac,0.003972568403451953
combined_decorr__metal,combined_decorr,metal,racs_bb-nodes_prop-mod_pettifor_scope-2_propagg-diff_corragg-avg_bbagg-avg,rac,0.003897006617351334
combined_decorr__metal,combined_decorr,metal,racs_bb-nodes_prop-mod_pettifor_scope-1_propagg-diff_corragg-avg_bbagg-avg,rac,0.003714484440475889
combined_decorr__metal,combined_decorr,metal,racs_bb-nodes_prop-mod_pettifor_scope-2_propagg-product_corragg-sum_bbagg-sum,rac,0.003618775841140543
combined_decorr__metal,combined_decorr,metal,racs_bb-nodes_prop-I_scope-1_propagg-product_corragg-sum_bbagg-avg,rac,0.003559517947125206
combined_decorr__metal,combined_decorr,metal,racs_bb-nodes_prop-T_scope-2_propagg-product_corragg-sum_bbagg-avg,rac,0.0033091824335581424
combined_decorr__metal,combined_decorr,metal,racs_bb-nodes_prop-mod_pettifor_scope-2_propagg-product_corragg-sum_bbagg-avg,rac,0.003259601305667954
combined_decorr__metal,combined_decorr,metal,racs_bb-nodes_prop-T_scope-1_propagg-product_corragg-avg_bbagg-avg,rac,0.0032487736432712066
combined_decorr__metal,combined_decorr,metal,racs_bb-nodes_prop-T_scope-2_propagg-diff_corragg-sum_bbagg-sum,rac,0.0031051137941623982
combined_decorr__metal,combined_decorr,metal,racs_bb-nodes_prop-X_scope-2_propagg-diff_corragg-sum_bbagg-avg,rac,0.0030062805686454255
combined_decorr__metal,combined_decorr,metal,racs_bb-nodes_prop-I_scope-2_propagg-product_corragg-sum_bbagg-sum,rac,0.0024664658515117133
combined_decorr__metal,combined_decorr,metal,racs_bb-nodes_prop-X_scope-1_propagg-diff_corragg-sum_bbagg-avg,rac,0.002325081511024365
combined_decorr__metal,combined_decorr,metal,racs_bb-nodes_prop-mod_pettifor_scope-1_propagg-product_corragg-avg_bbagg-sum,rac,0.0022006469682963365
combined_decorr__metal,combined_decorr,metal,racs_bb-nodes_prop-I_scope-3_propagg-product_corragg-sum_bbagg-avg,rac,0.0020008795780872973
combined_decorr__metal,combined_decorr,metal,racs_bb-nodes_prop-mod_pettifor_scope-1_propagg-diff_corragg-sum_bbagg-sum,rac,0.0018595222217743137
combined_decorr__metal,combined_decorr,metal,racs_bb-nodes_prop-mod_pettifor_scope-1_propagg-diff_corragg-avg_bbagg-sum,rac,0.001730476100197555
combined_decorr__metal,combined_decorr,metal,racs_bb-nodes_prop-X_scope-1_propagg-product_corragg-sum_bbagg-avg,rac,0.0014964585413415998
combined_decorr__metal,combined_decorr,metal,racs_bb-nodes_prop-I_scope-2_propagg-product_corragg-sum_bbagg-avg,rac,0.00088822183378027
combined_decorr__topology,combined_decorr,topology,void_fraction,geo,0.49563792649570443
combined_decorr__topology,combined_decorr,topology,density_g_cm3,geo,0.2942618734585857
combined_decorr__topology,combined_decorr,topology,surface_area_m2cm3,geo,0.2609732882761573
combined_decorr__topology,combined_decorr,topology,pld,geo,0.1822054942533837
combined_decorr__topology,combined_decorr,topology,surface_area_m2g,geo,0.14018956264122476
combined_decorr__topology,combined_decorr,topology,racs_bb-nodes_prop-T_scope-3_propagg-product_corragg-avg_bbagg-avg,rac,0.09770726821432055
combined_decorr__topology,combined_decorr,topology,racs_bb-nodes_prop-T_scope-3_propagg-diff_corragg-avg_bbagg-avg,rac,0.052388426756022156
combined_decorr__topology,combined_decorr,topology,racs_bb-nodes_prop-T_scope-3_propagg-product_corragg-avg_bbagg-sum,rac,0.03244308948095121
combined_decorr__topology,combined_decorr,topology,racs_bb-nodes_prop-T_scope-2_propagg-product_corragg-avg_bbagg-avg,rac,0.0277951673980242
combined_decorr__topology,combined_decorr,topology,racs_bb-nodes_prop-X_scope-2_propagg-diff_corragg-avg_bbagg-sum,rac,0.02120001936843437
combined_decorr__topology,combined_decorr,topology,racs_bb-nodes_prop-T_scope-1_propagg-diff_corragg-avg_bbagg-avg,rac,0.014930818288759388
combined_decorr__topology,combined_decorr,topology,racs_bb-nodes_prop-X_scope-3_propagg-product_corragg-avg_bbagg-avg,rac,0.014577492464580856
combined_decorr__topology,combined_decorr,topology,racs_bb-nodes_prop-T_scope-2_propagg-product_corragg-sum_bbagg-sum,rac,0.01283427676552295
combined_decorr__topology,combined_decorr,topology,racs_bb-nodes_prop-X_scope-3_propagg-diff_corragg-sum_bbagg-avg,rac,0.011371392305822986
combined_decorr__topology,combined_decorr,topology,racs_bb-nodes_prop-mod_pettifor_scope-3_propagg-product_corragg-sum_bbagg-avg,rac,0.009175743178034887
combined_decorr__topology,combined_decorr,topology,racs_bb-nodes_prop-X_scope-2_propagg-product_corragg-avg_bbagg-sum,rac,0.008423627639173448
combined_decorr__topology,combined_decorr,topology,racs_bb-nodes_prop-X_scope-2_propagg-diff_corragg-avg_bbagg-avg,rac,0.007310501950892333
combined_decorr__topology,combined_decorr,topology,racs_bb-nodes_prop-mod_pettifor_scope-3_propagg-diff_corragg-sum_bbagg-avg,rac,0.006981811448826197
combined_decorr__topology,combined_decorr,topology,racs_bb-nodes_prop-mod_pettifor_scope-2_propagg-diff_corragg-sum_bbagg-sum,rac,0.006235962487643519
combined_decorr__topology,combined_decorr,topology,racs_bb-nodes_prop-T_scope-2_propagg-diff_corragg-avg_bbagg-sum,rac,0.006107382882443289
combined_decorr__topology,combined_decorr,topology,racs_bb-nodes_prop-X_scope-3_propagg-product_corragg-sum_bbagg-avg,rac,0.005209944321005873
combined_decorr__topology,combined_decorr,topology,racs_bb-nodes_prop-T_scope-2_propagg-diff_corragg-avg_bbagg-avg,rac,0.004650185896030814
combined_decorr__topology,combined_decorr,topology,racs_bb-nodes_prop-X_scope-2_propagg-product_corragg-avg_bbagg-avg,rac,0.00464078519007004
combined_decorr__topology,combined_decorr,topology,racs_bb-nodes_prop-X_scope-2_propagg-diff_corragg-sum_bbagg-avg,rac,0.004097328698047626
combined_decorr__topology,combined_decorr,topology,racs_bb-nodes_prop-mod_pettifor_scope-2_propagg-product_corragg-sum_bbagg-sum,rac,0.003973860997242508
combined_decorr__topology,combined_decorr,topology,racs_bb-nodes_prop-X_scope-1_propagg-diff_corragg-avg_bbagg-avg,rac,0.003885949115358623
combined_decorr__topology,combined_decorr,topology,racs_bb-nodes_prop-X_scope-2_propagg-diff_corragg-sum_bbagg-sum,rac,0.003729463438590754
combined_decorr__topology,combined_decorr,topology,racs_bb-nodes_prop-mod_pettifor_scope-2_propagg-product_corragg-sum_bbagg-avg,rac,0.0036405351546218248
combined_decorr__topology,combined_decorr,topology,racs_bb-nodes_prop-mod_pettifor_scope-2_propagg-diff_corragg-avg_bbagg-sum,rac,0.003571384162579308
combined_decorr__topology,combined_decorr,topology,racs_bb-nodes_prop-mod_pettifor_scope-2_propagg-product_corragg-avg_bbagg-avg,rac,0.003407037486967358
combined_decorr__topology,combined_decorr,topology,racs_bb-nodes_prop-I_scope-2_propagg-product_corragg-sum_bbagg-sum,rac,0.0033184943290273947
combined_decorr__topology,combined_decorr,topology,racs_bb-nodes_prop-I_scope-2_propagg-product_corragg-sum_bbagg-avg,rac,0.0032812548564964644
combined_decorr__topology,combined_decorr,topology,racs_bb-nodes_prop-T_scope-1_propagg-product_corragg-avg_bbagg-avg,rac,0.003186956159229337
combined_decorr__topology,combined_decorr,topology,racs_bb-nodes_prop-mod_pettifor_scope-1_propagg-product_corragg-sum_bbagg-avg,rac,0.0028406782001820807
combined_decorr__topology,combined_decorr,topology,racs_bb-nodes_prop-T_scope-2_propagg-diff_corragg-sum_bbagg-sum,rac,0.002762140154884037
combined_decorr__topology,combined_decorr,topology,racs_bb-nodes_prop-X_scope-1_propagg-diff_corragg-avg_bbagg-sum,rac,0.002284828816439738
combined_decorr__topology,combined_decorr,topology,racs_bb-nodes_prop-X_scope-1_propagg-product_corragg-sum_bbagg-avg,rac,0.0022345364621220794
combined_decorr__topology,combined_decorr,topology,racs_bb-nodes_prop-I_scope-1_propagg-product_corragg-sum_bbagg-avg,rac,0.0021875695706424603
combined_decorr__topology,combined_decorr,topology,racs_bb-nodes_prop-T_scope-2_propagg-product_corragg-sum_bbagg-avg,rac,0.0021340582126525387
combined_decorr__topology,combined_decorr,topology,racs_bb-nodes_prop-mod_pettifor_scope-2_propagg-diff_corragg-sum_bbagg-avg,rac,0.002110316505111772
combined_decorr__topology,combined_decorr,topology,racs_bb-nodes_prop-I_scope-3_propagg-product_corragg-sum_bbagg-avg,rac,0.0019843883281754075
combined_decorr__topology,combined_decorr,topology,racs_bb-nodes_prop-mod_pettifor_scope-1_propagg-diff_corragg-avg_bbagg-sum,rac,0.0019829517518601255
combined_decorr__topology,combined_decorr,topology,racs_bb-nodes_prop-X_scope-2_propagg-product_corragg-sum_bbagg-avg,rac,0.0019391267466710382
combined_decorr__topology,combined_decorr,topology,racs_bb-nodes_prop-T_scope-2_propagg-diff_corragg-sum_bbagg-avg,rac,0.0016739000238732505
combined_decorr__topology,combined_decorr,topology,racs_bb-nodes_prop-mod_pettifor_scope-2_propagg-diff_corragg-avg_bbagg-avg,rac,0.0016436257392242635
combined_decorr__topology,combined_decorr,topology,racs_bb-nodes_prop-X_scope-1_propagg-diff_corragg-sum_bbagg-avg,rac,0.0016267114644530672
combined_decorr__topology,combined_decorr,topology,racs_bb-nodes_prop-X_scope-1_propagg-product_corragg-avg_bbagg-avg,rac,0.001487934997820658
combined_decorr__topology,combined_decorr,topology,racs_bb-nodes_prop-mod_pettifor_scope-1_propagg-product_corragg-avg_bbagg-sum,rac,0.001478929977930266
combined_decorr__topology,combined_decorr,topology,racs_bb-nodes_prop-mod_pettifor_scope-1_propagg-diff_corragg-sum_bbagg-sum,rac,0.0014109294031169762
combined_decorr__topology,combined_decorr,topology,racs_bb-nodes_prop-mod_pettifor_scope-1_propagg-diff_corragg-avg_bbagg-avg,rac,0.0010720411565727469
combined_all__random,combined_all,random,void_fraction,geo,0.5162513266806578
combined_all__random,combined_all,random,lcd,geo,0.22335902733141197
combined_all__random,combined_all,random,surface_area_m2cm3,geo,0.212847319075738
combined_all__random,combined_all,random,pld,geo,0.183488130415832
combined_all__random,combined_all,random,density_g_cm3,geo,0.15472593774141685
combined_all__random,combined_all,random,surface_area_m2g,geo,0.12130757285983414
combined_all__random,combined_all,random,racs_bb-nodes_prop-T_scope-3_propagg-product_corragg-avg_bbagg-avg,rac,0.04178277635681132
combined_all__random,combined_all,random,racs_bb-nodes_prop-T_scope-3_propagg-product_corragg-sum_bbagg-avg,rac,0.037293742747323756
combined_all__random,combined_all,random,racs_bb-nodes_prop-T_scope-3_propagg-product_corragg-avg_bbagg-sum,rac,0.021350779367131464
combined_all__random,combined_all,random,racs_bb-nodes_prop-T_scope-3_propagg-diff_corragg-avg_bbagg-avg,rac,0.01923419505890565
combined_all__random,combined_all,random,racs_bb-nodes_prop-T_scope-3_propagg-diff_corragg-avg_bbagg-sum,rac,0.016600440977752186
combined_all__random,combined_all,random,racs_bb-nodes_prop-T_scope-3_propagg-diff_corragg-sum_bbagg-sum,rac,0.013652992461397551
combined_all__random,combined_all,random,racs_bb-nodes_prop-T_scope-3_propagg-product_corragg-sum_bbagg-sum,rac,0.013634773374195443
combined_all__random,combined_all,random,racs_bb-nodes_prop-X_scope-3_propagg-diff_corragg-avg_bbagg-avg,rac,0.012839922799920135
combined_all__random,combined_all,random,racs_bb-nodes_prop-T_scope-3_propagg-diff_corragg-sum_bbagg-avg,rac,0.010661808878855952
combined_all__random,combined_all,random,racs_bb-nodes_prop-T_scope-2_propagg-product_corragg-avg_bbagg-sum,rac,0.010060071980458522
combined_all__random,combined_all,random,racs_bb-nodes_prop-mod_pettifor_scope-3_propagg-product_corragg-avg_bbagg-avg,rac,0.009775389805973823
combined_all__random,combined_all,random,racs_bb-nodes_prop-T_scope-1_propagg-diff_corragg-avg_bbagg-avg,rac,0.009655597563839184
combined_all__random,combined_all,random,racs_bb-nodes_prop-X_scope-2_propagg-diff_corragg-avg_bbagg-sum,rac,0.008081541621323338
combined_all__random,combined_all,random,racs_bb-nodes_prop-X_scope-2_propagg-diff_corragg-avg_bbagg-avg,rac,0.007823944701145193
combined_all__random,combined_all,random,racs_bb-nodes_prop-mod_pettifor_scope-3_propagg-diff_corragg-sum_bbagg-avg,rac,0.006833021384381904
combined_all__random,combined_all,random,racs_bb-nodes_prop-mod_pettifor_scope-3_propagg-diff_corragg-sum_bbagg-sum,rac,0.006574480342167569
combined_all__random,combined_all,random,racs_bb-nodes_prop-X_scope-3_propagg-diff_corragg-sum_bbagg-sum,rac,0.006553687745829957
combined_all__random,combined_all,random,racs_bb-nodes_prop-T_scope-2_propagg-product_corragg-avg_bbagg-avg,rac,0.006322794841324866
combined_all__random,combined_all,random,racs_bb-nodes_prop-X_scope-3_propagg-product_corragg-sum_bbagg-sum,rac,0.006029242557659676
combined_all__random,combined_all,random,racs_bb-nodes_prop-X_scope-3_propagg-product_corragg-avg_bbagg-sum,rac,0.00584121224521023
combined_all__random,combined_all,random,racs_bb-nodes_prop-X_scope-3_propagg-diff_corragg-sum_bbagg-avg,rac,0.005769244835140274
combined_all__random,combined_all,random,racs_bb-nodes_prop-mod_pettifor_scope-3_propagg-product_corragg-sum_bbagg-avg,rac,0.0057477067606953635
combined_all__random,combined_all,random,racs_bb-nodes_prop-X_scope-3_propagg-diff_corragg-avg_bbagg-sum,rac,0.005507407313508948
combined_all__random,combined_all,random,racs_bb-nodes_prop-X_scope-3_propagg-product_corragg-avg_bbagg-avg,rac,0.005403613657827299
combined_all__random,combined_all,random,racs_bb-nodes_prop-X_scope-2_propagg-product_corragg-avg_bbagg-sum,rac,0.005008313990357566
combined_all__random,combined_all,random,racs_bb-nodes_prop-T_scope-2_propagg-diff_corragg-avg_bbagg-avg,rac,0.004929435139781492
combined_all__random,combined_all,random,racs_bb-nodes_prop-mod_pettifor_scope-3_propagg-product_corragg-avg_bbagg-sum,rac,0.004822365484799521
combined_all__random,combined_all,random,racs_bb-nodes_prop-X_scope-2_propagg-product_corragg-sum_bbagg-avg,rac,0.004798888365104065
combined_all__random,combined_all,random,racs_bb-nodes_prop-mod_pettifor_scope-3_propagg-diff_corragg-avg_bbagg-sum,rac,0.00451595282993067
combined_all__random,combined_all,random,racs_bb-nodes_prop-X_scope-3_propagg-product_corragg-sum_bbagg-avg,rac,0.004461330347832866
combined_all__random,combined_all,random,racs_bb-nodes_prop-X_scope-2_propagg-product_corragg-avg_bbagg-avg,rac,0.004320471233595127
combined_all__random,combined_all,random,racs_bb-nodes_prop-mod_pettifor_scope-3_propagg-product_corragg-sum_bbagg-sum,rac,0.004285370576985864
combined_all__random,combined_all,random,racs_bb-nodes_prop-mod_pettifor_scope-3_propagg-diff_corragg-avg_bbagg-avg,rac,0.004197121199136201
combined_all__random,combined_all,random,racs_bb-nodes_prop-T_scope-1_propagg-product_corragg-avg_bbagg-avg,rac,0.00404562508449941
combined_all__random,combined_all,random,racs_bb-nodes_prop-T_scope-2_propagg-diff_corragg-sum_bbagg-avg,rac,0.004037880395178946
combined_all__random,combined_all,random,racs_bb-nodes_prop-T_scope-1_propagg-diff_corragg-sum_bbagg-avg,rac,0.003979705497932227
combined_all__random,combined_all,random,racs_bb-nodes_prop-T_scope-2_propagg-diff_corragg-avg_bbagg-sum,rac,0.003856840532367933
combined_all__random,combined_all,random,racs_bb-nodes_prop-X_scope-2_propagg-product_corragg-sum_bbagg-sum,rac,0.0036329808754917187
combined_all__random,combined_all,random,racs_bb-nodes_prop-X_scope-2_propagg-diff_corragg-sum_bbagg-avg,rac,0.0034362357167524904
combined_all__random,combined_all,random,racs_bb-nodes_prop-T_scope-2_propagg-diff_corragg-sum_bbagg-sum,rac,0.0032663479843580367
combined_all__random,combined_all,random,racs_bb-nodes_prop-T_scope-1_propagg-product_corragg-sum_bbagg-avg,rac,0.002673628237075787
combined_all__random,combined_all,random,racs_bb-nodes_prop-mod_pettifor_scope-2_propagg-product_corragg-sum_bbagg-avg,rac,0.002493447995274982
combined_all__random,combined_all,random,racs_bb-nodes_prop-X_scope-1_propagg-diff_corragg-avg_bbagg-avg,rac,0.002386313332378488
combined_all__random,combined_all,random,racs_bb-nodes_prop-mod_pettifor_scope-2_propagg-product_corragg-avg_bbagg-avg,rac,0.0023685229035119134
combined_all__random,combined_all,random,racs_bb-nodes_prop-mod_pettifor_scope-2_propagg-diff_corragg-avg_bbagg-avg,rac,0.0023411756240674917
combined_all__random,combined_all,random,racs_bb-nodes_prop-mod_pettifor_scope-1_propagg-product_corragg-sum_bbagg-avg,rac,0.002215397755530134
combined_all__random,combined_all,random,racs_bb-nodes_prop-X_scope-1_propagg-product_corragg-sum_bbagg-avg,rac,0.0021358376331739415
combined_all__random,combined_all,random,racs_bb-nodes_prop-mod_pettifor_scope-2_propagg-diff_corragg-sum_bbagg-avg,rac,0.0019936758290548134
combined_all__random,combined_all,random,racs_bb-nodes_prop-T_scope-1_propagg-diff_corragg-sum_bbagg-sum,rac,0.0019893519323359223
combined_all__random,combined_all,random,racs_bb-nodes_prop-X_scope-2_propagg-diff_corragg-sum_bbagg-sum,rac,0.0019496256430359263
combined_all__random,combined_all,random,racs_bb-nodes_prop-mod_pettifor_scope-2_propagg-diff_corragg-sum_bbagg-sum,rac,0.0019245452580450358
combined_all__random,combined_all,random,racs_bb-nodes_prop-T_scope-1_propagg-product_corragg-sum_bbagg-sum,rac,0.0019059971763973611
combined_all__random,combined_all,random,racs_bb-nodes_prop-T_scope-1_propagg-product_corragg-avg_bbagg-sum,rac,0.001890559639580972
combined_all__random,combined_all,random,racs_bb-nodes_prop-mod_pettifor_scope-2_propagg-product_corragg-avg_bbagg-sum,rac,0.0018787520427048375
combined_all__random,combined_all,random,racs_bb-nodes_prop-T_scope-2_propagg-product_corragg-sum_bbagg-avg,rac,0.0018636610414780443
combined_all__random,combined_all,random,racs_bb-nodes_prop-mod_pettifor_scope-2_propagg-product_corragg-sum_bbagg-sum,rac,0.0018537964964927944
combined_all__random,combined_all,random,racs_bb-nodes_prop-mod_pettifor_scope-2_propagg-diff_corragg-avg_bbagg-sum,rac,0.0016310286693114722
combined_all__random,combined_all,random,racs_bb-nodes_prop-mod_pettifor_scope-1_propagg-product_corragg-avg_bbagg-avg,rac,0.001604854524030086
combined_all__random,combined_all,random,racs_bb-nodes_prop-T_scope-2_propagg-product_corragg-sum_bbagg-sum,rac,0.001574747692575036
combined_all__random,combined_all,random,racs_bb-nodes_prop-T_scope-1_propagg-diff_corragg-avg_bbagg-sum,rac,0.0015512421797420383
combined_all__random,combined_all,random,racs_bb-nodes_prop-mod_pettifor_scope-1_propagg-diff_corragg-avg_bbagg-sum,rac,0.0013598956420378821
combined_all__random,combined_all,random,racs_bb-nodes_prop-I_scope-1_propagg-product_corragg-sum_bbagg-avg,rac,0.0012593517155766489
combined_all__random,combined_all,random,racs_bb-nodes_prop-X_scope-1_propagg-product_corragg-avg_bbagg-sum,rac,0.0012280765114208775
combined_all__random,combined_all,random,racs_bb-nodes_prop-I_scope-3_propagg-product_corragg-sum_bbagg-avg,rac,0.0012276209623227985
combined_all__random,combined_all,random,racs_bb-nodes_prop-I_scope-3_propagg-product_corragg-sum_bbagg-sum,rac,0.0012134071786323343
combined_all__random,combined_all,random,racs_bb-nodes_prop-I_scope-1_propagg-product_corragg-sum_bbagg-sum,rac,0.0011154231901578176
combined_all__random,combined_all,random,racs_bb-nodes_prop-I_scope-2_propagg-product_corragg-sum_bbagg-avg,rac,0.0010964866060134935
combined_all__random,combined_all,random,racs_bb-nodes_prop-mod_pettifor_scope-1_propagg-diff_corragg-avg_bbagg-avg,rac,0.0010289527449790336
combined_all__random,combined_all,random,racs_bb-nodes_prop-X_scope-1_propagg-product_corragg-sum_bbagg-sum,rac,0.0009408327587431241
combined_all__random,combined_all,random,racs_bb-nodes_prop-X_scope-1_propagg-diff_corragg-sum_bbagg-avg,rac,0.0009023058236275539
combined_all__random,combined_all,random,racs_bb-nodes_prop-I_scope-1_propagg-product_corragg-avg_bbagg-sum,rac,0.000868740540918369
combined_all__random,combined_all,random,racs_bb-nodes_prop-mod_pettifor_scope-1_propagg-diff_corragg-sum_bbagg-sum,rac,0.0008104770771752391
combined_all__random,combined_all,random,racs_bb-nodes_prop-mod_pettifor_scope-1_propagg-product_corragg-sum_bbagg-sum,rac,0.0007472242317319632
combined_all__random,combined_all,random,racs_bb-nodes_prop-mod_pettifor_scope-1_propagg-diff_corragg-sum_bbagg-avg,rac,0.0006463763434230357
combined_all__random,combined_all,random,racs_bb-nodes_prop-mod_pettifor_scope-1_propagg-product_corragg-avg_bbagg-sum,rac,0.0005514031758414059
combined_all__random,combined_all,random,racs_bb-nodes_prop-X_scope-1_propagg-diff_corragg-avg_bbagg-sum,rac,0.0005342278585451285
combined_all__random,combined_all,random,racs_bb-nodes_prop-X_scope-1_propagg-product_corragg-avg_bbagg-avg,rac,0.0005216805765768559
combined_all__random,combined_all,random,racs_bb-nodes_prop-X_scope-1_propagg-diff_corragg-sum_bbagg-sum,rac,0.00041360621892788923
combined_all__random,combined_all,random,racs_bb-nodes_prop-I_scope-2_propagg-product_corragg-sum_bbagg-sum,rac,0.00033996506316485384
combined_all__random,combined_all,random,racs_bb-nodes_prop-I_scope-2_propagg-product_corragg-avg_bbagg-sum,rac,7.679913947358795e-06
combined_all__random,combined_all,random,racs_bb-nodes_prop-I_scope-3_propagg-product_corragg-avg_bbagg-sum,rac,1.8848776817320666e-07
combined_all__metal,combined_all,metal,void_fraction,geo,0.494178178215771
combined_all__metal,combined_all,metal,surface_area_m2cm3,geo,0.23259738293033044
combined_all__metal,combined_all,metal,lcd,geo,0.22923939381065386
combined_all__metal,combined_all,metal,density_g_cm3,geo,0.16258520201941712
combined_all__metal,combined_all,metal,pld,geo,0.15810212615415928
combined_all__metal,combined_all,metal,surface_area_m2g,geo,0.10248373116271209
combined_all__metal,combined_all,metal,racs_bb-nodes_prop-T_scope-3_propagg-product_corragg-sum_bbagg-avg,rac,0.056363485331740404
combined_all__metal,combined_all,metal,racs_bb-nodes_prop-T_scope-3_propagg-product_corragg-avg_bbagg-avg,rac,0.040603546364986164
combined_all__metal,combined_all,metal,racs_bb-nodes_prop-T_scope-3_propagg-product_corragg-avg_bbagg-sum,rac,0.02753257159955953
combined_all__metal,combined_all,metal,racs_bb-nodes_prop-T_scope-3_propagg-diff_corragg-avg_bbagg-avg,rac,0.02332009407228823
combined_all__metal,combined_all,metal,racs_bb-nodes_prop-X_scope-2_propagg-product_corragg-avg_bbagg-avg,rac,0.01895414050541959
combined_all__metal,combined_all,metal,racs_bb-nodes_prop-T_scope-3_propagg-product_corragg-sum_bbagg-sum,rac,0.018300705597920672
combined_all__metal,combined_all,metal,racs_bb-nodes_prop-T_scope-3_propagg-diff_corragg-sum_bbagg-sum,rac,0.017306491160113322
combined_all__metal,combined_all,metal,racs_bb-nodes_prop-T_scope-3_propagg-diff_corragg-sum_bbagg-avg,rac,0.016032688446552847
combined_all__metal,combined_all,metal,racs_bb-nodes_prop-T_scope-3_propagg-diff_corragg-avg_bbagg-sum,rac,0.014720074108712983
combined_all__metal,combined_all,metal,racs_bb-nodes_prop-mod_pettifor_scope-3_propagg-product_corragg-avg_bbagg-avg,rac,0.013466841799680258
combined_all__metal,combined_all,metal,racs_bb-nodes_prop-X_scope-3_propagg-diff_corragg-avg_bbagg-sum,rac,0.011566254714238198
combined_all__metal,combined_all,metal,racs_bb-nodes_prop-X_scope-3_propagg-diff_corragg-avg_bbagg-avg,rac,0.011471833139039479
combined_all__metal,combined_all,metal,racs_bb-nodes_prop-T_scope-1_propagg-diff_corragg-avg_bbagg-avg,rac,0.011325998852795624
combined_all__metal,combined_all,metal,racs_bb-nodes_prop-X_scope-2_propagg-diff_corragg-avg_bbagg-sum,rac,0.011002800429355636
combined_all__metal,combined_all,metal,racs_bb-nodes_prop-mod_pettifor_scope-3_propagg-diff_corragg-avg_bbagg-avg,rac,0.010874653846521788
combined_all__metal,combined_all,metal,racs_bb-nodes_prop-X_scope-2_propagg-diff_corragg-sum_bbagg-sum,rac,0.010411884005147544
combined_all__metal,combined_all,metal,racs_bb-nodes_prop-X_scope-1_propagg-product_corragg-avg_bbagg-avg,rac,0.01018181087557681
combined_all__metal,combined_all,metal,racs_bb-nodes_prop-mod_pettifor_scope-3_propagg-diff_corragg-avg_bbagg-sum,rac,0.008932983593461185
combined_all__metal,combined_all,metal,racs_bb-nodes_prop-mod_pettifor_scope-3_propagg-product_corragg-avg_bbagg-sum,rac,0.00737813296706212
combined_all__metal,combined_all,metal,racs_bb-nodes_prop-X_scope-1_propagg-diff_corragg-sum_bbagg-sum,rac,0.005900607832697355
combined_all__metal,combined_all,metal,racs_bb-nodes_prop-X_scope-3_propagg-product_corragg-avg_bbagg-avg,rac,0.005846814089381624
combined_all__metal,combined_all,metal,racs_bb-nodes_prop-T_scope-2_propagg-product_corragg-avg_bbagg-sum,rac,0.005714073768353443
combined_all__metal,combined_all,metal,racs_bb-nodes_prop-X_scope-3_propagg-diff_corragg-sum_bbagg-sum,rac,0.0056304933483810994
combined_all__metal,combined_all,metal,racs_bb-nodes_prop-X_scope-2_propagg-diff_corragg-avg_bbagg-avg,rac,0.005507783479875249
combined_all__metal,combined_all,metal,racs_bb-nodes_prop-mod_pettifor_scope-3_propagg-product_corragg-sum_bbagg-avg,rac,0.005469273461406194
combined_all__metal,combined_all,metal,racs_bb-nodes_prop-X_scope-2_propagg-product_corragg-sum_bbagg-avg,rac,0.005431146478376503
combined_all__metal,combined_all,metal,racs_bb-nodes_prop-mod_pettifor_scope-3_propagg-diff_corragg-sum_bbagg-avg,rac,0.005250504785346049
combined_all__metal,combined_all,metal,racs_bb-nodes_prop-T_scope-2_propagg-product_corragg-avg_bbagg-avg,rac,0.005210184137060603
combined_all__metal,combined_all,metal,racs_bb-nodes_prop-mod_pettifor_scope-2_propagg-diff_corragg-sum_bbagg-avg,rac,0.00513954763433507
combined_all__metal,combined_all,metal,racs_bb-nodes_prop-T_scope-2_propagg-diff_corragg-sum_bbagg-avg,rac,0.0049588082863827355
combined_all__metal,combined_all,metal,racs_bb-nodes_prop-mod_pettifor_scope-2_propagg-diff_corragg-avg_bbagg-sum,rac,0.004861657262035037
combined_all__metal,combined_all,metal,racs_bb-nodes_prop-X_scope-3_propagg-diff_corragg-sum_bbagg-avg,rac,0.004850596869167093
combined_all__metal,combined_all,metal,racs_bb-nodes_prop-X_scope-3_propagg-product_corragg-sum_bbagg-avg,rac,0.004668273670776074
combined_all__metal,combined_all,metal,racs_bb-nodes_prop-T_scope-2_propagg-diff_corragg-avg_bbagg-avg,rac,0.004646491616633501
combined_all__metal,combined_all,metal,racs_bb-nodes_prop-mod_pettifor_scope-2_propagg-diff_corragg-sum_bbagg-sum,rac,0.004038614235042116
combined_all__metal,combined_all,metal,racs_bb-nodes_prop-T_scope-1_propagg-diff_corragg-sum_bbagg-avg,rac,0.003917188381045495
combined_all__metal,combined_all,metal,racs_bb-nodes_prop-X_scope-2_propagg-product_corragg-avg_bbagg-sum,rac,0.0038539325536716225
combined_all__metal,combined_all,metal,racs_bb-nodes_prop-mod_pettifor_scope-1_propagg-diff_corragg-avg_bbagg-avg,rac,0.003699338645101088
combined_all__metal,combined_all,metal,racs_bb-nodes_prop-X_scope-3_propagg-product_corragg-sum_bbagg-sum,rac,0.0034391929667642036
combined_all__metal,combined_all,metal,racs_bb-nodes_prop-mod_pettifor_scope-3_propagg-diff_corragg-sum_bbagg-sum,rac,0.0034216349957690937
combined_all__metal,combined_all,metal,racs_bb-nodes_prop-X_scope-1_propagg-diff_corragg-avg_bbagg-avg,rac,0.0033391346434245178
combined_all__metal,combined_all,metal,racs_bb-nodes_prop-mod_pettifor_scope-3_propagg-product_corragg-sum_bbagg-sum,rac,0.0032343065457875095
combined_all__metal,combined_all,metal,racs_bb-nodes_prop-X_scope-1_propagg-diff_corragg-avg_bbagg-sum,rac,0.0030905737881047743
combined_all__metal,combined_all,metal,racs_bb-nodes_prop-T_scope-1_propagg-product_corragg-avg_bbagg-avg,rac,0.0030071861678468504
combined_all__metal,combined_all,metal,racs_bb-nodes_prop-T_scope-2_propagg-diff_corragg-avg_bbagg-sum,rac,0.003001682700043272
combined_all__metal,combined_all,metal,racs_bb-nodes_prop-T_scope-2_propagg-diff_corragg-sum_bbagg-sum,rac,0.00291418837646277
combined_all__metal,combined_all,metal,racs_bb-nodes_prop-T_scope-1_propagg-product_corragg-avg_bbagg-sum,rac,0.0027527895019419137
combined_all__metal,combined_all,metal,racs_bb-nodes_prop-mod_pettifor_scope-2_propagg-diff_corragg-avg_bbagg-avg,rac,0.002603885927132905
combined_all__metal,combined_all,metal,racs_bb-nodes_prop-X_scope-2_propagg-diff_corragg-sum_bbagg-avg,rac,0.0025757088108585634
combined_all__metal,combined_all,metal,racs_bb-nodes_prop-mod_pettifor_scope-2_propagg-product_corragg-sum_bbagg-avg,rac,0.0024907675258568226
combined_all__metal,combined_all,metal,racs_bb-nodes_prop-mod_pettifor_scope-2_propagg-product_corragg-avg_bbagg-sum,rac,0.002385980468147394
combined_all__metal,combined_all,metal,racs_bb-nodes_prop-I_scope-1_propagg-product_corragg-sum_bbagg-avg,rac,0.002349778062935694
combined_all__metal,combined_all,metal,racs_bb-nodes_prop-T_scope-2_propagg-product_corragg-sum_bbagg-sum,rac,0.002279991795238966
combined_all__metal,combined_all,metal,racs_bb-nodes_prop-X_scope-2_propagg-product_corragg-sum_bbagg-sum,rac,0.0022523130899878368
combined_all__metal,combined_all,metal,racs_bb-nodes_prop-X_scope-3_propagg-product_corragg-avg_bbagg-sum,rac,0.0022403040611151705
combined_all__metal,combined_all,metal,racs_bb-nodes_prop-mod_pettifor_scope-2_propagg-product_corragg-avg_bbagg-avg,rac,0.002236539237241703
combined_all__metal,combined_all,metal,racs_bb-nodes_prop-mod_pettifor_scope-1_propagg-product_corragg-avg_bbagg-avg,rac,0.0022181825032872035
combined_all__metal,combined_all,metal,racs_bb-nodes_prop-I_scope-3_propagg-product_corragg-sum_bbagg-avg,rac,0.0021154080380153067
combined_all__metal,combined_all,metal,racs_bb-nodes_prop-mod_pettifor_scope-1_propagg-diff_corragg-avg_bbagg-sum,rac,0.001978783029627043
combined_all__metal,combined_all,metal,racs_bb-nodes_prop-mod_pettifor_scope-2_propagg-product_corragg-sum_bbagg-sum,rac,0.0019497850388715593
combined_all__metal,combined_all,metal,racs_bb-nodes_prop-T_scope-1_propagg-diff_corragg-avg_bbagg-sum,rac,0.0017948360869648977
combined_all__metal,combined_all,metal,racs_bb-nodes_prop-I_scope-1_propagg-product_corragg-sum_bbagg-sum,rac,0.0016688043830685637
combined_all__metal,combined_all,metal,racs_bb-nodes_prop-T_scope-2_propagg-product_corragg-sum_bbagg-avg,rac,0.001390031616301603
combined_all__metal,combined_all,metal,racs_bb-nodes_prop-T_scope-1_propagg-product_corragg-sum_bbagg-avg,rac,0.0013763892320837487
combined_all__metal,combined_all,metal,racs_bb-nodes_prop-X_scope-1_propagg-diff_corragg-sum_bbagg-avg,rac,0.0012908925779557088
combined_all__metal,combined_all,metal,racs_bb-nodes_prop-I_scope-2_propagg-product_corragg-sum_bbagg-sum,rac,0.001246514455044812
combined_all__metal,combined_all,metal,racs_bb-nodes_prop-T_scope-1_propagg-diff_corragg-sum_bbagg-sum,rac,0.0012442217704215002
combined_all__metal,combined_all,metal,racs_bb-nodes_prop-I_scope-2_propagg-product_corragg-sum_bbagg-avg,rac,0.0010468731762277056
combined_all__metal,combined_all,metal,racs_bb-nodes_prop-X_scope-1_propagg-product_corragg-sum_bbagg-avg,rac,0.0009223479794994647
combined_all__metal,combined_all,metal,racs_bb-nodes_prop-mod_pettifor_scope-1_propagg-product_corragg-sum_bbagg-avg,rac,0.000919157622012096
combined_all__metal,combined_all,metal,racs_bb-nodes_prop-I_scope-3_propagg-product_corragg-sum_bbagg-sum,rac,0.0008938802150898078
combined_all__metal,combined_all,metal,racs_bb-nodes_prop-T_scope-1_propagg-product_corragg-sum_bbagg-sum,rac,0.0007780946141915044
combined_all__metal,combined_all,metal,racs_bb-nodes_prop-mod_pettifor_scope-1_propagg-product_corragg-avg_bbagg-sum,rac,0.0007287072018755148
combined_all__metal,combined_all,metal,racs_bb-nodes_prop-mod_pettifor_scope-1_propagg-product_corragg-sum_bbagg-sum,rac,0.0006989583674221648
combined_all__metal,combined_all,metal,racs_bb-nodes_prop-mod_pettifor_scope-1_propagg-diff_corragg-sum_bbagg-sum,rac,0.0006338167876889914
combined_all__metal,combined_all,metal,racs_bb-nodes_prop-mod_pettifor_scope-1_propagg-diff_corragg-sum_bbagg-avg,rac,0.0005979315607617528
combined_all__metal,combined_all,metal,racs_bb-nodes_prop-X_scope-1_propagg-product_corragg-sum_bbagg-sum,rac,0.00037731297242083893
combined_all__metal,combined_all,metal,racs_bb-nodes_prop-I_scope-1_propagg-product_corragg-avg_bbagg-sum,rac,0.00032115791727439655
combined_all__metal,combined_all,metal,racs_bb-nodes_prop-X_scope-1_propagg-product_corragg-avg_bbagg-sum,rac,0.0002824873011835722
combined_all__metal,combined_all,metal,racs_bb-nodes_prop-I_scope-3_propagg-product_corragg-avg_bbagg-sum,rac,1.890161521732811e-06
combined_all__metal,combined_all,metal,racs_bb-nodes_prop-I_scope-2_propagg-product_corragg-avg_bbagg-sum,rac,0.0
combined_all__topology,combined_all,topology,void_fraction,geo,0.5190747694398455
combined_all__topology,combined_all,topology,density_g_cm3,geo,0.284106233906515
combined_all__topology,combined_all,topology,surface_area_m2cm3,geo,0.21514057182163598
combined_all__topology,combined_all,topology,lcd,geo,0.19463650577796943
combined_all__topology,combined_all,topology,surface_area_m2g,geo,0.1300310188003556
combined_all__topology,combined_all,topology,pld,geo,0.09674073349867134
combined_all__topology,combined_all,topology,racs_bb-nodes_prop-T_scope-3_propagg-product_corragg-avg_bbagg-avg,rac,0.059669129627957125
combined_all__topology,combined_all,topology,racs_bb-nodes_prop-T_scope-3_propagg-product_corragg-sum_bbagg-avg,rac,0.03875465216758584
combined_all__topology,combined_all,topology,racs_bb-nodes_prop-T_scope-3_propagg-product_corragg-avg_bbagg-sum,rac,0.032569370136363136
combined_all__topology,combined_all,topology,racs_bb-nodes_prop-T_scope-3_propagg-diff_corragg-avg_bbagg-avg,rac,0.028656311794007707
combined_all__topology,combined_all,topology,racs_bb-nodes_prop-T_scope-3_propagg-diff_corragg-avg_bbagg-sum,rac,0.025616913331323307
combined_all__topology,combined_all,topology,racs_bb-nodes_prop-T_scope-3_propagg-product_corragg-sum_bbagg-sum,rac,0.01571704988129023
combined_all__topology,combined_all,topology,racs_bb-nodes_prop-T_scope-2_propagg-product_corragg-avg_bbagg-sum,rac,0.014048516977075756
combined_all__topology,combined_all,topology,racs_bb-nodes_prop-T_scope-3_propagg-diff_corragg-sum_bbagg-avg,rac,0.01339658251353072
combined_all__topology,combined_all,topology,racs_bb-nodes_prop-T_scope-3_propagg-diff_corragg-sum_bbagg-sum,rac,0.011586883411182799
combined_all__topology,combined_all,topology,racs_bb-nodes_prop-X_scope-3_propagg-diff_corragg-avg_bbagg-avg,rac,0.008772846855794651
combined_all__topology,combined_all,topology,racs_bb-nodes_prop-X_scope-3_propagg-product_corragg-avg_bbagg-avg,rac,0.007876680421555645
combined_all__topology,combined_all,topology,racs_bb-nodes_prop-mod_pettifor_scope-3_propagg-product_corragg-avg_bbagg-avg,rac,0.007830041672025195
combined_all__topology,combined_all,topology,racs_bb-nodes_prop-T_scope-1_propagg-diff_corragg-avg_bbagg-avg,rac,0.007415623198497691
combined_all__topology,combined_all,topology,racs_bb-nodes_prop-T_scope-1_propagg-diff_corragg-sum_bbagg-avg,rac,0.006786602253375351
combined_all__topology,combined_all,topology,racs_bb-nodes_prop-X_scope-2_propagg-diff_corragg-avg_bbagg-avg,rac,0.00662185901197912
combined_all__topology,combined_all,topology,racs_bb-nodes_prop-X_scope-2_propagg-product_corragg-avg_bbagg-avg,rac,0.006503326596219575
combined_all__topology,combined_all,topology,racs_bb-nodes_prop-mod_pettifor_scope-3_propagg-product_corragg-sum_bbagg-avg,rac,0.005919977841435567
combined_all__topology,combined_all,topology,racs_bb-nodes_prop-X_scope-2_propagg-diff_corragg-avg_bbagg-sum,rac,0.00570201569840932
combined_all__topology,combined_all,topology,racs_bb-nodes_prop-X_scope-2_propagg-product_corragg-avg_bbagg-sum,rac,0.0053999325294447125
combined_all__topology,combined_all,topology,racs_bb-nodes_prop-T_scope-2_propagg-product_corragg-avg_bbagg-avg,rac,0.005145337310888865
combined_all__topology,combined_all,topology,racs_bb-nodes_prop-X_scope-3_propagg-diff_corragg-sum_bbagg-avg,rac,0.004885023688066817
combined_all__topology,combined_all,topology,racs_bb-nodes_prop-T_scope-1_propagg-product_corragg-avg_bbagg-sum,rac,0.004794981017791538
combined_all__topology,combined_all,topology,racs_bb-nodes_prop-mod_pettifor_scope-3_propagg-diff_corragg-sum_bbagg-sum,rac,0.00451338482002302
combined_all__topology,combined_all,topology,racs_bb-nodes_prop-X_scope-3_propagg-diff_corragg-sum_bbagg-sum,rac,0.0044799345136783235
combined_all__topology,combined_all,topology,racs_bb-nodes_prop-T_scope-1_propagg-product_corragg-sum_bbagg-sum,rac,0.004239289925555871
combined_all__topology,combined_all,topology,racs_bb-nodes_prop-mod_pettifor_scope-3_propagg-diff_corragg-avg_bbagg-avg,rac,0.004093805769655167
combined_all__topology,combined_all,topology,racs_bb-nodes_prop-mod_pettifor_scope-3_propagg-diff_corragg-sum_bbagg-avg,rac,0.003861810944589401
combined_all__topology,combined_all,topology,racs_bb-nodes_prop-T_scope-2_propagg-diff_corragg-sum_bbagg-sum,rac,0.00382062414249564
combined_all__topology,combined_all,topology,racs_bb-nodes_prop-mod_pettifor_scope-2_propagg-diff_corragg-sum_bbagg-sum,rac,0.0036961511838480847
combined_all__topology,combined_all,topology,racs_bb-nodes_prop-X_scope-3_propagg-diff_corragg-avg_bbagg-sum,rac,0.0036333082108430995
combined_all__topology,combined_all,topology,racs_bb-nodes_prop-X_scope-3_propagg-product_corragg-avg_bbagg-sum,rac,0.0035609862533610855
combined_all__topology,combined_all,topology,racs_bb-nodes_prop-mod_pettifor_scope-2_propagg-product_corragg-avg_bbagg-avg,rac,0.0035154314966014933
combined_all__topology,combined_all,topology,racs_bb-nodes_prop-mod_pettifor_scope-3_propagg-diff_corragg-avg_bbagg-sum,rac,0.003499563610859089
combined_all__topology,combined_all,topology,racs_bb-nodes_prop-X_scope-3_propagg-product_corragg-sum_bbagg-sum,rac,0.003469179828709308
combined_all__topology,combined_all,topology,racs_bb-nodes_prop-mod_pettifor_scope-2_propagg-product_corragg-sum_bbagg-sum,rac,0.003321677293713041
combined_all__topology,combined_all,topology,racs_bb-nodes_prop-mod_pettifor_scope-1_propagg-product_corragg-avg_bbagg-avg,rac,0.003218621967697487
combined_all__topology,combined_all,topology,racs_bb-nodes_prop-X_scope-3_propagg-product_corragg-sum_bbagg-avg,rac,0.0031352415679176985
combined_all__topology,combined_all,topology,racs_bb-nodes_prop-mod_pettifor_scope-2_propagg-diff_corragg-avg_bbagg-sum,rac,0.0030362598381013183
combined_all__topology,combined_all,topology,racs_bb-nodes_prop-X_scope-2_propagg-diff_corragg-sum_bbagg-sum,rac,0.003013508249857597
combined_all__topology,combined_all,topology,racs_bb-nodes_prop-X_scope-2_propagg-diff_corragg-sum_bbagg-avg,rac,0.002925572794768112
combined_all__topology,combined_all,topology,racs_bb-nodes_prop-T_scope-2_propagg-diff_corragg-avg_bbagg-sum,rac,0.002862845634496805
combined_all__topology,combined_all,topology,racs_bb-nodes_prop-mod_pettifor_scope-3_propagg-product_corragg-avg_bbagg-sum,rac,0.002796012937939697
combined_all__topology,combined_all,topology,racs_bb-nodes_prop-T_scope-2_propagg-product_corragg-sum_bbagg-avg,rac,0.002772822482757574
combined_all__topology,combined_all,topology,racs_bb-nodes_prop-X_scope-1_propagg-diff_corragg-avg_bbagg-avg,rac,0.002696894206237629
combined_all__topology,combined_all,topology,racs_bb-nodes_prop-T_scope-2_propagg-diff_corragg-avg_bbagg-avg,rac,0.0026177622248821195
combined_all__topology,combined_all,topology,racs_bb-nodes_prop-T_scope-1_propagg-diff_corragg-sum_bbagg-sum,rac,0.0025741755814600114
combined_all__topology,combined_all,topology,racs_bb-nodes_prop-mod_pettifor_scope-3_propagg-product_corragg-sum_bbagg-sum,rac,0.002540477204039848
combined_all__topology,combined_all,topology,racs_bb-nodes_prop-X_scope-2_propagg-product_corragg-sum_bbagg-avg,rac,0.0024483876845509556
combined_all__topology,combined_all,topology,racs_bb-nodes_prop-mod_pettifor_scope-2_propagg-product_corragg-sum_bbagg-avg,rac,0.002251490237840094
combined_all__topology,combined_all,topology,racs_bb-nodes_prop-T_scope-2_propagg-diff_corragg-sum_bbagg-avg,rac,0.002207057248160706
combined_all__topology,combined_all,topology,racs_bb-nodes_prop-T_scope-1_propagg-product_corragg-avg_bbagg-avg,rac,0.0021017650128721164
combined_all__topology,combined_all,topology,racs_bb-nodes_prop-mod_pettifor_scope-2_propagg-diff_corragg-avg_bbagg-avg,rac,0.0020764110518894066
combined_all__topology,combined_all,topology,racs_bb-nodes_prop-mod_pettifor_scope-2_propagg-diff_corragg-sum_bbagg-avg,rac,0.002018089542623782
combined_all__topology,combined_all,topology,racs_bb-nodes_prop-X_scope-2_propagg-product_corragg-sum_bbagg-sum,rac,0.0019945834398931734
combined_all__topology,combined_all,topology,racs_bb-nodes_prop-T_scope-1_propagg-diff_corragg-avg_bbagg-sum,rac,0.0018119458457952842
combined_all__topology,combined_all,topology,racs_bb-nodes_prop-T_scope-1_propagg-product_corragg-sum_bbagg-avg,rac,0.0015718884804361301
combined_all__topology,combined_all,topology,racs_bb-nodes_prop-I_scope-2_propagg-product_corragg-sum_bbagg-sum,rac,0.0015700443572313817
combined_all__topology,combined_all,topology,racs_bb-nodes_prop-I_scope-3_propagg-product_corragg-sum_bbagg-avg,rac,0.0015111420971746447
combined_all__topology,combined_all,topology,racs_bb-nodes_prop-I_scope-2_propagg-product_corragg-sum_bbagg-avg,rac,0.00136612920788321
combined_all__topology,combined_all,topology,racs_bb-nodes_prop-I_scope-1_propagg-product_corragg-sum_bbagg-avg,rac,0.0013577364642696874
combined_all__topology,combined_all,topology,racs_bb-nodes_prop-I_scope-3_propagg-product_corragg-sum_bbagg-sum,rac,0.0012859302132468035
combined_all__topology,combined_all,topology,racs_bb-nodes_prop-mod_pettifor_scope-1_propagg-product_corragg-sum_bbagg-avg,rac,0.0012183343856592406
combined_all__topology,combined_all,topology,racs_bb-nodes_prop-X_scope-1_propagg-product_corragg-sum_bbagg-avg,rac,0.0011369480584677808
combined_all__topology,combined_all,topology,racs_bb-nodes_prop-X_scope-1_propagg-product_corragg-avg_bbagg-avg,rac,0.0010900058023128913
combined_all__topology,combined_all,topology,racs_bb-nodes_prop-mod_pettifor_scope-2_propagg-product_corragg-avg_bbagg-sum,rac,0.001045613869386514
combined_all__topology,combined_all,topology,racs_bb-nodes_prop-T_scope-2_propagg-product_corragg-sum_bbagg-sum,rac,0.0010029574379288233
combined_all__topology,combined_all,topology,racs_bb-nodes_prop-I_scope-2_propagg-product_corragg-avg_bbagg-sum,rac,0.000955900547482691
combined_all__topology,combined_all,topology,racs_bb-nodes_prop-X_scope-1_propagg-product_corragg-avg_bbagg-sum,rac,0.000902564445886434
combined_all__topology,combined_all,topology,racs_bb-nodes_prop-mod_pettifor_scope-1_propagg-product_corragg-avg_bbagg-sum,rac,0.0008750387715705641
combined_all__topology,combined_all,topology,racs_bb-nodes_prop-mod_pettifor_scope-1_propagg-diff_corragg-avg_bbagg-avg,rac,0.0008556117904881804
combined_all__topology,combined_all,topology,racs_bb-nodes_prop-mod_pettifor_scope-1_propagg-diff_corragg-avg_bbagg-sum,rac,0.0008194820155816489
combined_all__topology,combined_all,topology,racs_bb-nodes_prop-I_scope-1_propagg-product_corragg-avg_bbagg-sum,rac,0.0007909699194909405
combined_all__topology,combined_all,topology,racs_bb-nodes_prop-mod_pettifor_scope-1_propagg-diff_corragg-sum_bbagg-avg,rac,0.00077110715875461
combined_all__topology,combined_all,topology,racs_bb-nodes_prop-X_scope-1_propagg-diff_corragg-sum_bbagg-avg,rac,0.0007465444737805827
combined_all__topology,combined_all,topology,racs_bb-nodes_prop-I_scope-1_propagg-product_corragg-sum_bbagg-sum,rac,0.0007038925242522985
combined_all__topology,combined_all,topology,racs_bb-nodes_prop-X_scope-1_propagg-diff_corragg-avg_bbagg-sum,rac,0.0006203793623208227
combined_all__topology,combined_all,topology,racs_bb-nodes_prop-mod_pettifor_scope-1_propagg-diff_corragg-sum_bbagg-sum,rac,0.0005988206830358329
combined_all__topology,combined_all,topology,racs_bb-nodes_prop-X_scope-1_propagg-product_corragg-sum_bbagg-sum,rac,0.000519584970023664
combined_all__topology,combined_all,topology,racs_bb-nodes_prop-X_scope-1_propagg-diff_corragg-sum_bbagg-sum,rac,0.0003846787671545809
combined_all__topology,combined_all,topology,racs_bb-nodes_prop-mod_pettifor_scope-1_propagg-product_corragg-sum_bbagg-sum,rac,7.91043032465194e-05
combined_all__topology,combined_all,topology,racs_bb-nodes_prop-I_scope-3_propagg-product_corragg-avg_bbagg-sum,rac,0.0
